ISO-10303-21;
HEADER;
/* Generated by software containing ST-Developer
 * from STEP Tools, Inc. (www.steptools.com) 
 */

FILE_DESCRIPTION(
/* description */ (''),
/* implementation_level */ '2;1');

FILE_NAME(
/* name */ 'lambda_meter_gehuse.step',
/* time_stamp */ '2026-08-21T11:51:46+02:00',
/* author */ (''),
/* organization */ (''),
/* preprocessor_version */ 'ST-DEVELOPER v20.1',
/* originating_system */ 'Autodesk Translation Framework v15.8.0.0',
/* authorisation */ '');

FILE_SCHEMA (('AUTOMOTIVE_DESIGN { 1 0 10303 214 3 1 1 }'));
ENDSEC;

DATA;
#10=MECHANICAL_DESIGN_GEOMETRIC_PRESENTATION_REPRESENTATION('',(#13,#14,
#15),#3001);
#11=SHAPE_REPRESENTATION_RELATIONSHIP('SRR','None',#3008,#12);
#12=ADVANCED_BREP_SHAPE_REPRESENTATION('',(#16,#17,#18),#3000);
#13=STYLED_ITEM('',(#3017),#16);
#14=STYLED_ITEM('',(#3017),#17);
#15=STYLED_ITEM('',(#3017),#18);
#16=MANIFOLD_SOLID_BREP('25mm',#1795);
#17=MANIFOLD_SOLID_BREP('Deckel',#1796);
#18=MANIFOLD_SOLID_BREP('20mm',#1797);
#19=FACE_BOUND('',#245,.T.);
#20=FACE_BOUND('',#250,.T.);
#21=FACE_BOUND('',#253,.T.);
#22=FACE_BOUND('',#257,.T.);
#23=FACE_BOUND('',#262,.T.);
#24=FACE_BOUND('',#266,.T.);
#25=FACE_BOUND('',#280,.T.);
#26=FACE_BOUND('',#282,.T.);
#27=FACE_BOUND('',#294,.T.);
#28=FACE_BOUND('',#298,.T.);
#29=FACE_BOUND('',#303,.T.);
#30=FACE_BOUND('',#325,.T.);
#31=FACE_BOUND('',#330,.T.);
#32=FACE_BOUND('',#334,.T.);
#33=CIRCLE('',#1820,1.75000000000001);
#34=CIRCLE('',#1821,1.75000000000001);
#35=CIRCLE('',#1824,1.75);
#36=CIRCLE('',#1825,1.75);
#37=CIRCLE('',#1828,1.75);
#38=CIRCLE('',#1829,1.75);
#39=CIRCLE('',#1832,1.75000000000001);
#40=CIRCLE('',#1833,1.75000000000001);
#41=CIRCLE('',#1838,2.00000000000001);
#42=CIRCLE('',#1839,2.00000000000001);
#43=CIRCLE('',#1842,2.);
#44=CIRCLE('',#1843,2.);
#45=CIRCLE('',#1846,2.);
#46=CIRCLE('',#1847,2.);
#47=CIRCLE('',#1850,2.00000000000001);
#48=CIRCLE('',#1851,2.00000000000001);
#49=CIRCLE('',#1853,4.00000000000001);
#50=CIRCLE('',#1854,4.00000000000001);
#51=CIRCLE('',#1855,4.);
#52=CIRCLE('',#1856,4.);
#53=CIRCLE('',#1859,4.00000000000001);
#54=CIRCLE('',#1862,4.);
#55=CIRCLE('',#1865,4.);
#56=CIRCLE('',#1868,4.00000000000001);
#57=CIRCLE('',#1876,1.75000000000001);
#58=CIRCLE('',#1877,1.75000000000001);
#59=CIRCLE('',#1880,1.75000000000001);
#60=CIRCLE('',#1881,1.75000000000001);
#61=CIRCLE('',#1884,1.75);
#62=CIRCLE('',#1885,1.75);
#63=CIRCLE('',#1888,1.75);
#64=CIRCLE('',#1889,1.75);
#65=CIRCLE('',#1893,4.);
#66=CIRCLE('',#1894,4.);
#67=CIRCLE('',#1895,4.00000000000001);
#68=CIRCLE('',#1896,4.00000000000001);
#69=CIRCLE('',#1898,4.);
#70=CIRCLE('',#1901,4.);
#71=CIRCLE('',#1904,4.00000000000001);
#72=CIRCLE('',#1907,4.00000000000001);
#73=CIRCLE('',#1912,4.00000000000001);
#74=CIRCLE('',#1913,4.00000000000001);
#75=CIRCLE('',#1914,4.);
#76=CIRCLE('',#1915,4.);
#77=CIRCLE('',#1916,2.00000000000001);
#78=CIRCLE('',#1917,2.);
#79=CIRCLE('',#1918,2.);
#80=CIRCLE('',#1919,2.00000000000001);
#81=CIRCLE('',#1922,2.);
#82=CIRCLE('',#1925,2.00000000000001);
#83=CIRCLE('',#1928,4.);
#84=CIRCLE('',#1931,4.00000000000001);
#85=CIRCLE('',#1941,1.75000000000001);
#86=CIRCLE('',#1942,1.75000000000001);
#87=CIRCLE('',#1945,1.75);
#88=CIRCLE('',#1946,1.75);
#89=CIRCLE('',#1949,1.75);
#90=CIRCLE('',#1950,1.75);
#91=CIRCLE('',#1953,1.75000000000001);
#92=CIRCLE('',#1954,1.75000000000001);
#93=CIRCLE('',#1959,2.00000000000001);
#94=CIRCLE('',#1962,2.);
#95=CIRCLE('',#1965,4.);
#96=CIRCLE('',#1968,4.00000000000001);
#97=CYLINDRICAL_SURFACE('',#1819,1.75000000000001);
#98=CYLINDRICAL_SURFACE('',#1823,1.75);
#99=CYLINDRICAL_SURFACE('',#1827,1.75);
#100=CYLINDRICAL_SURFACE('',#1831,1.75000000000001);
#101=CYLINDRICAL_SURFACE('',#1837,2.00000000000001);
#102=CYLINDRICAL_SURFACE('',#1841,2.);
#103=CYLINDRICAL_SURFACE('',#1845,2.);
#104=CYLINDRICAL_SURFACE('',#1849,2.00000000000001);
#105=CYLINDRICAL_SURFACE('',#1858,4.00000000000001);
#106=CYLINDRICAL_SURFACE('',#1861,4.);
#107=CYLINDRICAL_SURFACE('',#1864,4.);
#108=CYLINDRICAL_SURFACE('',#1867,4.00000000000001);
#109=CYLINDRICAL_SURFACE('',#1875,1.75000000000001);
#110=CYLINDRICAL_SURFACE('',#1879,1.75000000000001);
#111=CYLINDRICAL_SURFACE('',#1883,1.75);
#112=CYLINDRICAL_SURFACE('',#1887,1.75);
#113=CYLINDRICAL_SURFACE('',#1897,4.);
#114=CYLINDRICAL_SURFACE('',#1900,4.);
#115=CYLINDRICAL_SURFACE('',#1903,4.00000000000001);
#116=CYLINDRICAL_SURFACE('',#1906,4.00000000000001);
#117=CYLINDRICAL_SURFACE('',#1921,2.);
#118=CYLINDRICAL_SURFACE('',#1924,2.00000000000001);
#119=CYLINDRICAL_SURFACE('',#1927,4.);
#120=CYLINDRICAL_SURFACE('',#1930,4.00000000000001);
#121=CYLINDRICAL_SURFACE('',#1940,1.75000000000001);
#122=CYLINDRICAL_SURFACE('',#1944,1.75);
#123=CYLINDRICAL_SURFACE('',#1948,1.75);
#124=CYLINDRICAL_SURFACE('',#1952,1.75000000000001);
#125=CYLINDRICAL_SURFACE('',#1958,2.00000000000001);
#126=CYLINDRICAL_SURFACE('',#1961,2.);
#127=CYLINDRICAL_SURFACE('',#1964,4.);
#128=CYLINDRICAL_SURFACE('',#1967,4.00000000000001);
#129=FACE_OUTER_BOUND('',#225,.T.);
#130=FACE_OUTER_BOUND('',#226,.T.);
#131=FACE_OUTER_BOUND('',#227,.T.);
#132=FACE_OUTER_BOUND('',#228,.T.);
#133=FACE_OUTER_BOUND('',#229,.T.);
#134=FACE_OUTER_BOUND('',#230,.T.);
#135=FACE_OUTER_BOUND('',#231,.T.);
#136=FACE_OUTER_BOUND('',#232,.T.);
#137=FACE_OUTER_BOUND('',#233,.T.);
#138=FACE_OUTER_BOUND('',#234,.T.);
#139=FACE_OUTER_BOUND('',#235,.T.);
#140=FACE_OUTER_BOUND('',#236,.T.);
#141=FACE_OUTER_BOUND('',#237,.T.);
#142=FACE_OUTER_BOUND('',#238,.T.);
#143=FACE_OUTER_BOUND('',#239,.T.);
#144=FACE_OUTER_BOUND('',#240,.T.);
#145=FACE_OUTER_BOUND('',#241,.T.);
#146=FACE_OUTER_BOUND('',#242,.T.);
#147=FACE_OUTER_BOUND('',#243,.T.);
#148=FACE_OUTER_BOUND('',#244,.T.);
#149=FACE_OUTER_BOUND('',#246,.T.);
#150=FACE_OUTER_BOUND('',#247,.T.);
#151=FACE_OUTER_BOUND('',#248,.T.);
#152=FACE_OUTER_BOUND('',#249,.T.);
#153=FACE_OUTER_BOUND('',#251,.T.);
#154=FACE_OUTER_BOUND('',#252,.T.);
#155=FACE_OUTER_BOUND('',#254,.T.);
#156=FACE_OUTER_BOUND('',#255,.T.);
#157=FACE_OUTER_BOUND('',#256,.T.);
#158=FACE_OUTER_BOUND('',#258,.T.);
#159=FACE_OUTER_BOUND('',#259,.T.);
#160=FACE_OUTER_BOUND('',#260,.T.);
#161=FACE_OUTER_BOUND('',#261,.T.);
#162=FACE_OUTER_BOUND('',#263,.T.);
#163=FACE_OUTER_BOUND('',#264,.T.);
#164=FACE_OUTER_BOUND('',#265,.T.);
#165=FACE_OUTER_BOUND('',#267,.T.);
#166=FACE_OUTER_BOUND('',#268,.T.);
#167=FACE_OUTER_BOUND('',#269,.T.);
#168=FACE_OUTER_BOUND('',#270,.T.);
#169=FACE_OUTER_BOUND('',#271,.T.);
#170=FACE_OUTER_BOUND('',#272,.T.);
#171=FACE_OUTER_BOUND('',#273,.T.);
#172=FACE_OUTER_BOUND('',#274,.T.);
#173=FACE_OUTER_BOUND('',#275,.T.);
#174=FACE_OUTER_BOUND('',#276,.T.);
#175=FACE_OUTER_BOUND('',#277,.T.);
#176=FACE_OUTER_BOUND('',#278,.T.);
#177=FACE_OUTER_BOUND('',#279,.T.);
#178=FACE_OUTER_BOUND('',#281,.T.);
#179=FACE_OUTER_BOUND('',#283,.T.);
#180=FACE_OUTER_BOUND('',#284,.T.);
#181=FACE_OUTER_BOUND('',#285,.T.);
#182=FACE_OUTER_BOUND('',#286,.T.);
#183=FACE_OUTER_BOUND('',#287,.T.);
#184=FACE_OUTER_BOUND('',#288,.T.);
#185=FACE_OUTER_BOUND('',#289,.T.);
#186=FACE_OUTER_BOUND('',#290,.T.);
#187=FACE_OUTER_BOUND('',#291,.T.);
#188=FACE_OUTER_BOUND('',#292,.T.);
#189=FACE_OUTER_BOUND('',#293,.T.);
#190=FACE_OUTER_BOUND('',#295,.T.);
#191=FACE_OUTER_BOUND('',#296,.T.);
#192=FACE_OUTER_BOUND('',#297,.T.);
#193=FACE_OUTER_BOUND('',#299,.T.);
#194=FACE_OUTER_BOUND('',#300,.T.);
#195=FACE_OUTER_BOUND('',#301,.T.);
#196=FACE_OUTER_BOUND('',#302,.T.);
#197=FACE_OUTER_BOUND('',#304,.T.);
#198=FACE_OUTER_BOUND('',#305,.T.);
#199=FACE_OUTER_BOUND('',#306,.T.);
#200=FACE_OUTER_BOUND('',#307,.T.);
#201=FACE_OUTER_BOUND('',#308,.T.);
#202=FACE_OUTER_BOUND('',#309,.T.);
#203=FACE_OUTER_BOUND('',#310,.T.);
#204=FACE_OUTER_BOUND('',#311,.T.);
#205=FACE_OUTER_BOUND('',#312,.T.);
#206=FACE_OUTER_BOUND('',#313,.T.);
#207=FACE_OUTER_BOUND('',#314,.T.);
#208=FACE_OUTER_BOUND('',#315,.T.);
#209=FACE_OUTER_BOUND('',#316,.T.);
#210=FACE_OUTER_BOUND('',#317,.T.);
#211=FACE_OUTER_BOUND('',#318,.T.);
#212=FACE_OUTER_BOUND('',#319,.T.);
#213=FACE_OUTER_BOUND('',#320,.T.);
#214=FACE_OUTER_BOUND('',#321,.T.);
#215=FACE_OUTER_BOUND('',#322,.T.);
#216=FACE_OUTER_BOUND('',#323,.T.);
#217=FACE_OUTER_BOUND('',#324,.T.);
#218=FACE_OUTER_BOUND('',#326,.T.);
#219=FACE_OUTER_BOUND('',#327,.T.);
#220=FACE_OUTER_BOUND('',#328,.T.);
#221=FACE_OUTER_BOUND('',#329,.T.);
#222=FACE_OUTER_BOUND('',#331,.T.);
#223=FACE_OUTER_BOUND('',#332,.T.);
#224=FACE_OUTER_BOUND('',#333,.T.);
#225=EDGE_LOOP('',(#1131,#1132,#1133,#1134));
#226=EDGE_LOOP('',(#1135,#1136,#1137,#1138));
#227=EDGE_LOOP('',(#1139,#1140,#1141,#1142));
#228=EDGE_LOOP('',(#1143,#1144,#1145,#1146));
#229=EDGE_LOOP('',(#1147,#1148,#1149,#1150));
#230=EDGE_LOOP('',(#1151,#1152,#1153,#1154));
#231=EDGE_LOOP('',(#1155,#1156,#1157,#1158));
#232=EDGE_LOOP('',(#1159,#1160,#1161,#1162));
#233=EDGE_LOOP('',(#1163,#1164,#1165,#1166));
#234=EDGE_LOOP('',(#1167,#1168,#1169,#1170));
#235=EDGE_LOOP('',(#1171,#1172,#1173,#1174));
#236=EDGE_LOOP('',(#1175,#1176,#1177,#1178));
#237=EDGE_LOOP('',(#1179,#1180,#1181,#1182));
#238=EDGE_LOOP('',(#1183,#1184,#1185,#1186));
#239=EDGE_LOOP('',(#1187,#1188,#1189,#1190));
#240=EDGE_LOOP('',(#1191,#1192,#1193,#1194));
#241=EDGE_LOOP('',(#1195,#1196,#1197,#1198,#1199,#1200,#1201,#1202));
#242=EDGE_LOOP('',(#1203,#1204,#1205,#1206));
#243=EDGE_LOOP('',(#1207,#1208,#1209,#1210));
#244=EDGE_LOOP('',(#1211,#1212,#1213,#1214));
#245=EDGE_LOOP('',(#1215,#1216,#1217,#1218));
#246=EDGE_LOOP('',(#1219,#1220,#1221,#1222));
#247=EDGE_LOOP('',(#1223,#1224,#1225,#1226));
#248=EDGE_LOOP('',(#1227,#1228,#1229,#1230));
#249=EDGE_LOOP('',(#1231,#1232,#1233,#1234));
#250=EDGE_LOOP('',(#1235,#1236,#1237,#1238));
#251=EDGE_LOOP('',(#1239,#1240,#1241,#1242));
#252=EDGE_LOOP('',(#1243,#1244,#1245,#1246,#1247,#1248,#1249,#1250));
#253=EDGE_LOOP('',(#1251,#1252,#1253,#1254,#1255,#1256,#1257,#1258));
#254=EDGE_LOOP('',(#1259,#1260,#1261,#1262));
#255=EDGE_LOOP('',(#1263,#1264,#1265,#1266));
#256=EDGE_LOOP('',(#1267,#1268,#1269,#1270));
#257=EDGE_LOOP('',(#1271,#1272,#1273,#1274));
#258=EDGE_LOOP('',(#1275,#1276,#1277,#1278));
#259=EDGE_LOOP('',(#1279,#1280,#1281,#1282));
#260=EDGE_LOOP('',(#1283,#1284,#1285,#1286));
#261=EDGE_LOOP('',(#1287,#1288,#1289,#1290));
#262=EDGE_LOOP('',(#1291,#1292,#1293,#1294));
#263=EDGE_LOOP('',(#1295,#1296,#1297,#1298));
#264=EDGE_LOOP('',(#1299,#1300,#1301,#1302,#1303,#1304,#1305,#1306));
#265=EDGE_LOOP('',(#1307,#1308,#1309,#1310,#1311,#1312,#1313,#1314));
#266=EDGE_LOOP('',(#1315,#1316,#1317,#1318,#1319,#1320,#1321,#1322));
#267=EDGE_LOOP('',(#1323,#1324,#1325,#1326));
#268=EDGE_LOOP('',(#1327,#1328,#1329,#1330));
#269=EDGE_LOOP('',(#1331,#1332,#1333,#1334));
#270=EDGE_LOOP('',(#1335,#1336,#1337,#1338));
#271=EDGE_LOOP('',(#1339,#1340,#1341,#1342));
#272=EDGE_LOOP('',(#1343,#1344,#1345,#1346));
#273=EDGE_LOOP('',(#1347,#1348,#1349,#1350));
#274=EDGE_LOOP('',(#1351,#1352,#1353,#1354));
#275=EDGE_LOOP('',(#1355,#1356,#1357,#1358));
#276=EDGE_LOOP('',(#1359,#1360,#1361,#1362));
#277=EDGE_LOOP('',(#1363,#1364,#1365,#1366));
#278=EDGE_LOOP('',(#1367,#1368,#1369,#1370));
#279=EDGE_LOOP('',(#1371,#1372,#1373,#1374,#1375,#1376,#1377,#1378));
#280=EDGE_LOOP('',(#1379,#1380,#1381,#1382));
#281=EDGE_LOOP('',(#1383,#1384,#1385,#1386,#1387,#1388,#1389,#1390));
#282=EDGE_LOOP('',(#1391,#1392,#1393,#1394,#1395,#1396,#1397,#1398));
#283=EDGE_LOOP('',(#1399,#1400,#1401,#1402));
#284=EDGE_LOOP('',(#1403,#1404,#1405,#1406));
#285=EDGE_LOOP('',(#1407,#1408,#1409,#1410));
#286=EDGE_LOOP('',(#1411,#1412,#1413,#1414));
#287=EDGE_LOOP('',(#1415,#1416,#1417,#1418));
#288=EDGE_LOOP('',(#1419,#1420,#1421,#1422));
#289=EDGE_LOOP('',(#1423,#1424,#1425,#1426));
#290=EDGE_LOOP('',(#1427,#1428,#1429,#1430));
#291=EDGE_LOOP('',(#1431,#1432,#1433,#1434,#1435,#1436,#1437,#1438));
#292=EDGE_LOOP('',(#1439,#1440,#1441,#1442));
#293=EDGE_LOOP('',(#1443,#1444,#1445,#1446,#1447,#1448,#1449,#1450));
#294=EDGE_LOOP('',(#1451,#1452,#1453,#1454,#1455,#1456,#1457,#1458));
#295=EDGE_LOOP('',(#1459,#1460,#1461,#1462));
#296=EDGE_LOOP('',(#1463,#1464,#1465,#1466));
#297=EDGE_LOOP('',(#1467,#1468,#1469,#1470));
#298=EDGE_LOOP('',(#1471,#1472,#1473,#1474));
#299=EDGE_LOOP('',(#1475,#1476,#1477,#1478));
#300=EDGE_LOOP('',(#1479,#1480,#1481,#1482));
#301=EDGE_LOOP('',(#1483,#1484,#1485,#1486));
#302=EDGE_LOOP('',(#1487,#1488,#1489,#1490));
#303=EDGE_LOOP('',(#1491,#1492,#1493,#1494));
#304=EDGE_LOOP('',(#1495,#1496,#1497,#1498));
#305=EDGE_LOOP('',(#1499,#1500,#1501,#1502));
#306=EDGE_LOOP('',(#1503,#1504,#1505,#1506));
#307=EDGE_LOOP('',(#1507,#1508,#1509,#1510));
#308=EDGE_LOOP('',(#1511,#1512,#1513,#1514));
#309=EDGE_LOOP('',(#1515,#1516,#1517,#1518));
#310=EDGE_LOOP('',(#1519,#1520,#1521,#1522));
#311=EDGE_LOOP('',(#1523,#1524,#1525,#1526));
#312=EDGE_LOOP('',(#1527,#1528,#1529,#1530));
#313=EDGE_LOOP('',(#1531,#1532,#1533,#1534));
#314=EDGE_LOOP('',(#1535,#1536,#1537,#1538));
#315=EDGE_LOOP('',(#1539,#1540,#1541,#1542));
#316=EDGE_LOOP('',(#1543,#1544,#1545,#1546));
#317=EDGE_LOOP('',(#1547,#1548,#1549,#1550));
#318=EDGE_LOOP('',(#1551,#1552,#1553,#1554));
#319=EDGE_LOOP('',(#1555,#1556,#1557,#1558));
#320=EDGE_LOOP('',(#1559,#1560,#1561,#1562));
#321=EDGE_LOOP('',(#1563,#1564,#1565,#1566,#1567,#1568,#1569,#1570));
#322=EDGE_LOOP('',(#1571,#1572,#1573,#1574));
#323=EDGE_LOOP('',(#1575,#1576,#1577,#1578));
#324=EDGE_LOOP('',(#1579,#1580,#1581,#1582));
#325=EDGE_LOOP('',(#1583,#1584,#1585,#1586));
#326=EDGE_LOOP('',(#1587,#1588,#1589,#1590));
#327=EDGE_LOOP('',(#1591,#1592,#1593,#1594));
#328=EDGE_LOOP('',(#1595,#1596,#1597,#1598));
#329=EDGE_LOOP('',(#1599,#1600,#1601,#1602));
#330=EDGE_LOOP('',(#1603,#1604,#1605,#1606));
#331=EDGE_LOOP('',(#1607,#1608,#1609,#1610));
#332=EDGE_LOOP('',(#1611,#1612,#1613,#1614,#1615,#1616,#1617,#1618));
#333=EDGE_LOOP('',(#1619,#1620,#1621,#1622,#1623,#1624,#1625,#1626));
#334=EDGE_LOOP('',(#1627,#1628,#1629,#1630,#1631,#1632,#1633,#1634));
#335=LINE('',#2485,#523);
#336=LINE('',#2487,#524);
#337=LINE('',#2489,#525);
#338=LINE('',#2490,#526);
#339=LINE('',#2494,#527);
#340=LINE('',#2496,#528);
#341=LINE('',#2498,#529);
#342=LINE('',#2499,#530);
#343=LINE('',#2502,#531);
#344=LINE('',#2504,#532);
#345=LINE('',#2505,#533);
#346=LINE('',#2508,#534);
#347=LINE('',#2510,#535);
#348=LINE('',#2511,#536);
#349=LINE('',#2514,#537);
#350=LINE('',#2516,#538);
#351=LINE('',#2517,#539);
#352=LINE('',#2519,#540);
#353=LINE('',#2520,#541);
#354=LINE('',#2523,#542);
#355=LINE('',#2525,#543);
#356=LINE('',#2526,#544);
#357=LINE('',#2528,#545);
#358=LINE('',#2529,#546);
#359=LINE('',#2535,#547);
#360=LINE('',#2538,#548);
#361=LINE('',#2541,#549);
#362=LINE('',#2543,#550);
#363=LINE('',#2544,#551);
#364=LINE('',#2550,#552);
#365=LINE('',#2553,#553);
#366=LINE('',#2555,#554);
#367=LINE('',#2556,#555);
#368=LINE('',#2562,#556);
#369=LINE('',#2565,#557);
#370=LINE('',#2567,#558);
#371=LINE('',#2568,#559);
#372=LINE('',#2574,#560);
#373=LINE('',#2576,#561);
#374=LINE('',#2577,#562);
#375=LINE('',#2582,#563);
#376=LINE('',#2584,#564);
#377=LINE('',#2586,#565);
#378=LINE('',#2587,#566);
#379=LINE('',#2593,#567);
#380=LINE('',#2596,#568);
#381=LINE('',#2598,#569);
#382=LINE('',#2599,#570);
#383=LINE('',#2605,#571);
#384=LINE('',#2608,#572);
#385=LINE('',#2610,#573);
#386=LINE('',#2611,#574);
#387=LINE('',#2617,#575);
#388=LINE('',#2620,#576);
#389=LINE('',#2622,#577);
#390=LINE('',#2623,#578);
#391=LINE('',#2632,#579);
#392=LINE('',#2636,#580);
#393=LINE('',#2640,#581);
#394=LINE('',#2643,#582);
#395=LINE('',#2646,#583);
#396=LINE('',#2648,#584);
#397=LINE('',#2649,#585);
#398=LINE('',#2653,#586);
#399=LINE('',#2656,#587);
#400=LINE('',#2657,#588);
#401=LINE('',#2661,#589);
#402=LINE('',#2664,#590);
#403=LINE('',#2665,#591);
#404=LINE('',#2669,#592);
#405=LINE('',#2672,#593);
#406=LINE('',#2673,#594);
#407=LINE('',#2681,#595);
#408=LINE('',#2683,#596);
#409=LINE('',#2685,#597);
#410=LINE('',#2686,#598);
#411=LINE('',#2689,#599);
#412=LINE('',#2691,#600);
#413=LINE('',#2692,#601);
#414=LINE('',#2695,#602);
#415=LINE('',#2697,#603);
#416=LINE('',#2698,#604);
#417=LINE('',#2700,#605);
#418=LINE('',#2701,#606);
#419=LINE('',#2707,#607);
#420=LINE('',#2710,#608);
#421=LINE('',#2713,#609);
#422=LINE('',#2715,#610);
#423=LINE('',#2716,#611);
#424=LINE('',#2722,#612);
#425=LINE('',#2725,#613);
#426=LINE('',#2727,#614);
#427=LINE('',#2728,#615);
#428=LINE('',#2734,#616);
#429=LINE('',#2737,#617);
#430=LINE('',#2739,#618);
#431=LINE('',#2740,#619);
#432=LINE('',#2746,#620);
#433=LINE('',#2748,#621);
#434=LINE('',#2749,#622);
#435=LINE('',#2754,#623);
#436=LINE('',#2758,#624);
#437=LINE('',#2762,#625);
#438=LINE('',#2766,#626);
#439=LINE('',#2770,#627);
#440=LINE('',#2773,#628);
#441=LINE('',#2776,#629);
#442=LINE('',#2777,#630);
#443=LINE('',#2781,#631);
#444=LINE('',#2784,#632);
#445=LINE('',#2785,#633);
#446=LINE('',#2789,#634);
#447=LINE('',#2792,#635);
#448=LINE('',#2793,#636);
#449=LINE('',#2797,#637);
#450=LINE('',#2799,#638);
#451=LINE('',#2807,#639);
#452=LINE('',#2811,#640);
#453=LINE('',#2815,#641);
#454=LINE('',#2818,#642);
#455=LINE('',#2823,#643);
#456=LINE('',#2827,#644);
#457=LINE('',#2831,#645);
#458=LINE('',#2834,#646);
#459=LINE('',#2837,#647);
#460=LINE('',#2839,#648);
#461=LINE('',#2840,#649);
#462=LINE('',#2843,#650);
#463=LINE('',#2847,#651);
#464=LINE('',#2848,#652);
#465=LINE('',#2851,#653);
#466=LINE('',#2853,#654);
#467=LINE('',#2855,#655);
#468=LINE('',#2856,#656);
#469=LINE('',#2859,#657);
#470=LINE('',#2863,#658);
#471=LINE('',#2865,#659);
#472=LINE('',#2866,#660);
#473=LINE('',#2869,#661);
#474=LINE('',#2873,#662);
#475=LINE('',#2874,#663);
#476=LINE('',#2877,#664);
#477=LINE('',#2879,#665);
#478=LINE('',#2881,#666);
#479=LINE('',#2882,#667);
#480=LINE('',#2885,#668);
#481=LINE('',#2889,#669);
#482=LINE('',#2891,#670);
#483=LINE('',#2892,#671);
#484=LINE('',#2896,#672);
#485=LINE('',#2897,#673);
#486=LINE('',#2898,#674);
#487=LINE('',#2901,#675);
#488=LINE('',#2902,#676);
#489=LINE('',#2905,#677);
#490=LINE('',#2906,#678);
#491=LINE('',#2909,#679);
#492=LINE('',#2910,#680);
#493=LINE('',#2912,#681);
#494=LINE('',#2915,#682);
#495=LINE('',#2916,#683);
#496=LINE('',#2918,#684);
#497=LINE('',#2924,#685);
#498=LINE('',#2927,#686);
#499=LINE('',#2930,#687);
#500=LINE('',#2932,#688);
#501=LINE('',#2933,#689);
#502=LINE('',#2939,#690);
#503=LINE('',#2942,#691);
#504=LINE('',#2944,#692);
#505=LINE('',#2945,#693);
#506=LINE('',#2951,#694);
#507=LINE('',#2954,#695);
#508=LINE('',#2956,#696);
#509=LINE('',#2957,#697);
#510=LINE('',#2963,#698);
#511=LINE('',#2965,#699);
#512=LINE('',#2966,#700);
#513=LINE('',#2970,#701);
#514=LINE('',#2971,#702);
#515=LINE('',#2974,#703);
#516=LINE('',#2978,#704);
#517=LINE('',#2979,#705);
#518=LINE('',#2984,#706);
#519=LINE('',#2985,#707);
#520=LINE('',#2989,#708);
#521=LINE('',#2992,#709);
#522=LINE('',#2993,#710);
#523=VECTOR('',#1975,10.);
#524=VECTOR('',#1976,10.);
#525=VECTOR('',#1977,10.);
#526=VECTOR('',#1978,10.);
#527=VECTOR('',#1981,10.);
#528=VECTOR('',#1982,10.);
#529=VECTOR('',#1983,10.);
#530=VECTOR('',#1984,10.);
#531=VECTOR('',#1987,10.);
#532=VECTOR('',#1988,10.);
#533=VECTOR('',#1989,10.);
#534=VECTOR('',#1992,10.);
#535=VECTOR('',#1993,10.);
#536=VECTOR('',#1994,10.);
#537=VECTOR('',#1997,10.);
#538=VECTOR('',#1998,10.);
#539=VECTOR('',#1999,10.);
#540=VECTOR('',#2002,10.);
#541=VECTOR('',#2003,10.);
#542=VECTOR('',#2006,10.);
#543=VECTOR('',#2007,10.);
#544=VECTOR('',#2008,10.);
#545=VECTOR('',#2011,10.);
#546=VECTOR('',#2012,10.);
#547=VECTOR('',#2017,10.);
#548=VECTOR('',#2020,10.);
#549=VECTOR('',#2023,10.);
#550=VECTOR('',#2024,10.);
#551=VECTOR('',#2025,10.);
#552=VECTOR('',#2032,10.);
#553=VECTOR('',#2035,10.);
#554=VECTOR('',#2036,10.);
#555=VECTOR('',#2037,10.);
#556=VECTOR('',#2044,10.);
#557=VECTOR('',#2047,10.);
#558=VECTOR('',#2048,10.);
#559=VECTOR('',#2049,10.);
#560=VECTOR('',#2056,10.);
#561=VECTOR('',#2059,10.);
#562=VECTOR('',#2060,10.);
#563=VECTOR('',#2065,10.);
#564=VECTOR('',#2066,10.);
#565=VECTOR('',#2067,10.);
#566=VECTOR('',#2068,10.);
#567=VECTOR('',#2075,10.);
#568=VECTOR('',#2078,10.);
#569=VECTOR('',#2079,10.);
#570=VECTOR('',#2080,10.);
#571=VECTOR('',#2087,10.);
#572=VECTOR('',#2090,10.);
#573=VECTOR('',#2091,10.);
#574=VECTOR('',#2092,10.);
#575=VECTOR('',#2099,10.);
#576=VECTOR('',#2102,10.);
#577=VECTOR('',#2103,10.);
#578=VECTOR('',#2104,10.);
#579=VECTOR('',#2115,10.);
#580=VECTOR('',#2118,10.);
#581=VECTOR('',#2121,10.);
#582=VECTOR('',#2124,10.);
#583=VECTOR('',#2127,10.);
#584=VECTOR('',#2128,10.);
#585=VECTOR('',#2129,10.);
#586=VECTOR('',#2134,10.);
#587=VECTOR('',#2137,10.);
#588=VECTOR('',#2138,10.);
#589=VECTOR('',#2143,10.);
#590=VECTOR('',#2146,10.);
#591=VECTOR('',#2147,10.);
#592=VECTOR('',#2152,10.);
#593=VECTOR('',#2155,10.);
#594=VECTOR('',#2156,10.);
#595=VECTOR('',#2167,10.);
#596=VECTOR('',#2168,10.);
#597=VECTOR('',#2169,10.);
#598=VECTOR('',#2170,10.);
#599=VECTOR('',#2173,10.);
#600=VECTOR('',#2174,10.);
#601=VECTOR('',#2175,10.);
#602=VECTOR('',#2178,10.);
#603=VECTOR('',#2179,10.);
#604=VECTOR('',#2180,10.);
#605=VECTOR('',#2183,10.);
#606=VECTOR('',#2184,10.);
#607=VECTOR('',#2189,10.);
#608=VECTOR('',#2192,10.);
#609=VECTOR('',#2195,10.);
#610=VECTOR('',#2196,10.);
#611=VECTOR('',#2197,10.);
#612=VECTOR('',#2204,10.);
#613=VECTOR('',#2207,10.);
#614=VECTOR('',#2208,10.);
#615=VECTOR('',#2209,10.);
#616=VECTOR('',#2216,10.);
#617=VECTOR('',#2219,10.);
#618=VECTOR('',#2220,10.);
#619=VECTOR('',#2221,10.);
#620=VECTOR('',#2228,10.);
#621=VECTOR('',#2231,10.);
#622=VECTOR('',#2232,10.);
#623=VECTOR('',#2237,10.);
#624=VECTOR('',#2240,10.);
#625=VECTOR('',#2243,10.);
#626=VECTOR('',#2246,10.);
#627=VECTOR('',#2251,10.);
#628=VECTOR('',#2254,10.);
#629=VECTOR('',#2257,10.);
#630=VECTOR('',#2258,10.);
#631=VECTOR('',#2263,10.);
#632=VECTOR('',#2266,10.);
#633=VECTOR('',#2267,10.);
#634=VECTOR('',#2272,10.);
#635=VECTOR('',#2275,10.);
#636=VECTOR('',#2276,10.);
#637=VECTOR('',#2281,10.);
#638=VECTOR('',#2284,10.);
#639=VECTOR('',#2293,10.);
#640=VECTOR('',#2296,10.);
#641=VECTOR('',#2299,10.);
#642=VECTOR('',#2302,10.);
#643=VECTOR('',#2305,10.);
#644=VECTOR('',#2308,10.);
#645=VECTOR('',#2311,10.);
#646=VECTOR('',#2314,10.);
#647=VECTOR('',#2317,10.);
#648=VECTOR('',#2318,10.);
#649=VECTOR('',#2319,10.);
#650=VECTOR('',#2322,10.);
#651=VECTOR('',#2327,10.);
#652=VECTOR('',#2328,10.);
#653=VECTOR('',#2329,10.);
#654=VECTOR('',#2330,10.);
#655=VECTOR('',#2331,10.);
#656=VECTOR('',#2332,10.);
#657=VECTOR('',#2335,10.);
#658=VECTOR('',#2340,10.);
#659=VECTOR('',#2341,10.);
#660=VECTOR('',#2342,10.);
#661=VECTOR('',#2345,10.);
#662=VECTOR('',#2350,10.);
#663=VECTOR('',#2351,10.);
#664=VECTOR('',#2352,10.);
#665=VECTOR('',#2353,10.);
#666=VECTOR('',#2354,10.);
#667=VECTOR('',#2355,10.);
#668=VECTOR('',#2358,10.);
#669=VECTOR('',#2363,10.);
#670=VECTOR('',#2364,10.);
#671=VECTOR('',#2365,10.);
#672=VECTOR('',#2368,10.);
#673=VECTOR('',#2369,10.);
#674=VECTOR('',#2370,10.);
#675=VECTOR('',#2373,10.);
#676=VECTOR('',#2374,10.);
#677=VECTOR('',#2377,10.);
#678=VECTOR('',#2378,10.);
#679=VECTOR('',#2381,10.);
#680=VECTOR('',#2382,10.);
#681=VECTOR('',#2385,10.);
#682=VECTOR('',#2388,10.);
#683=VECTOR('',#2389,10.);
#684=VECTOR('',#2392,10.);
#685=VECTOR('',#2397,10.);
#686=VECTOR('',#2400,10.);
#687=VECTOR('',#2403,10.);
#688=VECTOR('',#2404,10.);
#689=VECTOR('',#2405,10.);
#690=VECTOR('',#2412,10.);
#691=VECTOR('',#2415,10.);
#692=VECTOR('',#2416,10.);
#693=VECTOR('',#2417,10.);
#694=VECTOR('',#2424,10.);
#695=VECTOR('',#2427,10.);
#696=VECTOR('',#2428,10.);
#697=VECTOR('',#2429,10.);
#698=VECTOR('',#2436,10.);
#699=VECTOR('',#2439,10.);
#700=VECTOR('',#2440,10.);
#701=VECTOR('',#2445,10.);
#702=VECTOR('',#2446,10.);
#703=VECTOR('',#2449,10.);
#704=VECTOR('',#2454,10.);
#705=VECTOR('',#2455,10.);
#706=VECTOR('',#2462,10.);
#707=VECTOR('',#2463,10.);
#708=VECTOR('',#2468,10.);
#709=VECTOR('',#2471,10.);
#710=VECTOR('',#2472,10.);
#711=VERTEX_POINT('',#2483);
#712=VERTEX_POINT('',#2484);
#713=VERTEX_POINT('',#2486);
#714=VERTEX_POINT('',#2488);
#715=VERTEX_POINT('',#2492);
#716=VERTEX_POINT('',#2493);
#717=VERTEX_POINT('',#2495);
#718=VERTEX_POINT('',#2497);
#719=VERTEX_POINT('',#2501);
#720=VERTEX_POINT('',#2503);
#721=VERTEX_POINT('',#2507);
#722=VERTEX_POINT('',#2509);
#723=VERTEX_POINT('',#2513);
#724=VERTEX_POINT('',#2515);
#725=VERTEX_POINT('',#2522);
#726=VERTEX_POINT('',#2524);
#727=VERTEX_POINT('',#2531);
#728=VERTEX_POINT('',#2532);
#729=VERTEX_POINT('',#2534);
#730=VERTEX_POINT('',#2536);
#731=VERTEX_POINT('',#2540);
#732=VERTEX_POINT('',#2542);
#733=VERTEX_POINT('',#2546);
#734=VERTEX_POINT('',#2548);
#735=VERTEX_POINT('',#2552);
#736=VERTEX_POINT('',#2554);
#737=VERTEX_POINT('',#2558);
#738=VERTEX_POINT('',#2560);
#739=VERTEX_POINT('',#2564);
#740=VERTEX_POINT('',#2566);
#741=VERTEX_POINT('',#2570);
#742=VERTEX_POINT('',#2572);
#743=VERTEX_POINT('',#2580);
#744=VERTEX_POINT('',#2581);
#745=VERTEX_POINT('',#2583);
#746=VERTEX_POINT('',#2585);
#747=VERTEX_POINT('',#2589);
#748=VERTEX_POINT('',#2591);
#749=VERTEX_POINT('',#2595);
#750=VERTEX_POINT('',#2597);
#751=VERTEX_POINT('',#2601);
#752=VERTEX_POINT('',#2603);
#753=VERTEX_POINT('',#2607);
#754=VERTEX_POINT('',#2609);
#755=VERTEX_POINT('',#2613);
#756=VERTEX_POINT('',#2615);
#757=VERTEX_POINT('',#2619);
#758=VERTEX_POINT('',#2621);
#759=VERTEX_POINT('',#2628);
#760=VERTEX_POINT('',#2629);
#761=VERTEX_POINT('',#2631);
#762=VERTEX_POINT('',#2633);
#763=VERTEX_POINT('',#2635);
#764=VERTEX_POINT('',#2637);
#765=VERTEX_POINT('',#2639);
#766=VERTEX_POINT('',#2641);
#767=VERTEX_POINT('',#2645);
#768=VERTEX_POINT('',#2647);
#769=VERTEX_POINT('',#2651);
#770=VERTEX_POINT('',#2655);
#771=VERTEX_POINT('',#2659);
#772=VERTEX_POINT('',#2663);
#773=VERTEX_POINT('',#2667);
#774=VERTEX_POINT('',#2671);
#775=VERTEX_POINT('',#2679);
#776=VERTEX_POINT('',#2680);
#777=VERTEX_POINT('',#2682);
#778=VERTEX_POINT('',#2684);
#779=VERTEX_POINT('',#2688);
#780=VERTEX_POINT('',#2690);
#781=VERTEX_POINT('',#2694);
#782=VERTEX_POINT('',#2696);
#783=VERTEX_POINT('',#2703);
#784=VERTEX_POINT('',#2704);
#785=VERTEX_POINT('',#2706);
#786=VERTEX_POINT('',#2708);
#787=VERTEX_POINT('',#2712);
#788=VERTEX_POINT('',#2714);
#789=VERTEX_POINT('',#2718);
#790=VERTEX_POINT('',#2720);
#791=VERTEX_POINT('',#2724);
#792=VERTEX_POINT('',#2726);
#793=VERTEX_POINT('',#2730);
#794=VERTEX_POINT('',#2732);
#795=VERTEX_POINT('',#2736);
#796=VERTEX_POINT('',#2738);
#797=VERTEX_POINT('',#2742);
#798=VERTEX_POINT('',#2744);
#799=VERTEX_POINT('',#2752);
#800=VERTEX_POINT('',#2753);
#801=VERTEX_POINT('',#2755);
#802=VERTEX_POINT('',#2757);
#803=VERTEX_POINT('',#2759);
#804=VERTEX_POINT('',#2761);
#805=VERTEX_POINT('',#2763);
#806=VERTEX_POINT('',#2765);
#807=VERTEX_POINT('',#2769);
#808=VERTEX_POINT('',#2771);
#809=VERTEX_POINT('',#2775);
#810=VERTEX_POINT('',#2779);
#811=VERTEX_POINT('',#2783);
#812=VERTEX_POINT('',#2787);
#813=VERTEX_POINT('',#2791);
#814=VERTEX_POINT('',#2795);
#815=VERTEX_POINT('',#2803);
#816=VERTEX_POINT('',#2804);
#817=VERTEX_POINT('',#2806);
#818=VERTEX_POINT('',#2808);
#819=VERTEX_POINT('',#2810);
#820=VERTEX_POINT('',#2812);
#821=VERTEX_POINT('',#2814);
#822=VERTEX_POINT('',#2816);
#823=VERTEX_POINT('',#2819);
#824=VERTEX_POINT('',#2820);
#825=VERTEX_POINT('',#2822);
#826=VERTEX_POINT('',#2824);
#827=VERTEX_POINT('',#2826);
#828=VERTEX_POINT('',#2828);
#829=VERTEX_POINT('',#2830);
#830=VERTEX_POINT('',#2832);
#831=VERTEX_POINT('',#2836);
#832=VERTEX_POINT('',#2838);
#833=VERTEX_POINT('',#2842);
#834=VERTEX_POINT('',#2846);
#835=VERTEX_POINT('',#2849);
#836=VERTEX_POINT('',#2850);
#837=VERTEX_POINT('',#2852);
#838=VERTEX_POINT('',#2854);
#839=VERTEX_POINT('',#2858);
#840=VERTEX_POINT('',#2862);
#841=VERTEX_POINT('',#2864);
#842=VERTEX_POINT('',#2868);
#843=VERTEX_POINT('',#2872);
#844=VERTEX_POINT('',#2875);
#845=VERTEX_POINT('',#2876);
#846=VERTEX_POINT('',#2878);
#847=VERTEX_POINT('',#2880);
#848=VERTEX_POINT('',#2884);
#849=VERTEX_POINT('',#2888);
#850=VERTEX_POINT('',#2890);
#851=VERTEX_POINT('',#2894);
#852=VERTEX_POINT('',#2895);
#853=VERTEX_POINT('',#2900);
#854=VERTEX_POINT('',#2904);
#855=VERTEX_POINT('',#2908);
#856=VERTEX_POINT('',#2914);
#857=VERTEX_POINT('',#2920);
#858=VERTEX_POINT('',#2921);
#859=VERTEX_POINT('',#2923);
#860=VERTEX_POINT('',#2925);
#861=VERTEX_POINT('',#2929);
#862=VERTEX_POINT('',#2931);
#863=VERTEX_POINT('',#2935);
#864=VERTEX_POINT('',#2937);
#865=VERTEX_POINT('',#2941);
#866=VERTEX_POINT('',#2943);
#867=VERTEX_POINT('',#2947);
#868=VERTEX_POINT('',#2949);
#869=VERTEX_POINT('',#2953);
#870=VERTEX_POINT('',#2955);
#871=VERTEX_POINT('',#2959);
#872=VERTEX_POINT('',#2961);
#873=VERTEX_POINT('',#2969);
#874=VERTEX_POINT('',#2973);
#875=VERTEX_POINT('',#2977);
#876=VERTEX_POINT('',#2983);
#877=VERTEX_POINT('',#2987);
#878=VERTEX_POINT('',#2991);
#879=EDGE_CURVE('',#711,#712,#335,.T.);
#880=EDGE_CURVE('',#713,#711,#336,.T.);
#881=EDGE_CURVE('',#714,#713,#337,.T.);
#882=EDGE_CURVE('',#714,#712,#338,.T.);
#883=EDGE_CURVE('',#715,#716,#339,.T.);
#884=EDGE_CURVE('',#715,#717,#340,.T.);
#885=EDGE_CURVE('',#718,#717,#341,.T.);
#886=EDGE_CURVE('',#716,#718,#342,.T.);
#887=EDGE_CURVE('',#719,#711,#343,.T.);
#888=EDGE_CURVE('',#720,#719,#344,.T.);
#889=EDGE_CURVE('',#713,#720,#345,.T.);
#890=EDGE_CURVE('',#716,#721,#346,.T.);
#891=EDGE_CURVE('',#722,#718,#347,.T.);
#892=EDGE_CURVE('',#721,#722,#348,.T.);
#893=EDGE_CURVE('',#712,#723,#349,.T.);
#894=EDGE_CURVE('',#724,#714,#350,.T.);
#895=EDGE_CURVE('',#724,#723,#351,.T.);
#896=EDGE_CURVE('',#723,#719,#352,.T.);
#897=EDGE_CURVE('',#720,#724,#353,.T.);
#898=EDGE_CURVE('',#721,#725,#354,.T.);
#899=EDGE_CURVE('',#726,#722,#355,.T.);
#900=EDGE_CURVE('',#725,#726,#356,.T.);
#901=EDGE_CURVE('',#725,#715,#357,.T.);
#902=EDGE_CURVE('',#717,#726,#358,.T.);
#903=EDGE_CURVE('',#727,#728,#33,.F.);
#904=EDGE_CURVE('',#727,#729,#359,.T.);
#905=EDGE_CURVE('',#730,#729,#34,.F.);
#906=EDGE_CURVE('',#728,#730,#360,.T.);
#907=EDGE_CURVE('',#728,#731,#361,.F.);
#908=EDGE_CURVE('',#732,#730,#362,.F.);
#909=EDGE_CURVE('',#731,#732,#363,.T.);
#910=EDGE_CURVE('',#731,#733,#35,.F.);
#911=EDGE_CURVE('',#734,#732,#36,.F.);
#912=EDGE_CURVE('',#733,#734,#364,.T.);
#913=EDGE_CURVE('',#733,#735,#365,.F.);
#914=EDGE_CURVE('',#736,#734,#366,.F.);
#915=EDGE_CURVE('',#735,#736,#367,.T.);
#916=EDGE_CURVE('',#735,#737,#37,.F.);
#917=EDGE_CURVE('',#738,#736,#38,.F.);
#918=EDGE_CURVE('',#737,#738,#368,.T.);
#919=EDGE_CURVE('',#737,#739,#369,.F.);
#920=EDGE_CURVE('',#740,#738,#370,.F.);
#921=EDGE_CURVE('',#739,#740,#371,.T.);
#922=EDGE_CURVE('',#739,#741,#39,.F.);
#923=EDGE_CURVE('',#742,#740,#40,.F.);
#924=EDGE_CURVE('',#741,#742,#372,.T.);
#925=EDGE_CURVE('',#741,#727,#373,.F.);
#926=EDGE_CURVE('',#729,#742,#374,.F.);
#927=EDGE_CURVE('',#743,#744,#375,.T.);
#928=EDGE_CURVE('',#743,#745,#376,.T.);
#929=EDGE_CURVE('',#746,#745,#377,.T.);
#930=EDGE_CURVE('',#744,#746,#378,.T.);
#931=EDGE_CURVE('',#744,#747,#41,.T.);
#932=EDGE_CURVE('',#748,#746,#42,.T.);
#933=EDGE_CURVE('',#747,#748,#379,.T.);
#934=EDGE_CURVE('',#747,#749,#380,.T.);
#935=EDGE_CURVE('',#750,#748,#381,.T.);
#936=EDGE_CURVE('',#749,#750,#382,.T.);
#937=EDGE_CURVE('',#749,#751,#43,.T.);
#938=EDGE_CURVE('',#752,#750,#44,.T.);
#939=EDGE_CURVE('',#751,#752,#383,.T.);
#940=EDGE_CURVE('',#751,#753,#384,.T.);
#941=EDGE_CURVE('',#754,#752,#385,.T.);
#942=EDGE_CURVE('',#753,#754,#386,.T.);
#943=EDGE_CURVE('',#753,#755,#45,.T.);
#944=EDGE_CURVE('',#756,#754,#46,.T.);
#945=EDGE_CURVE('',#755,#756,#387,.T.);
#946=EDGE_CURVE('',#755,#757,#388,.T.);
#947=EDGE_CURVE('',#758,#756,#389,.T.);
#948=EDGE_CURVE('',#757,#758,#390,.T.);
#949=EDGE_CURVE('',#757,#743,#47,.T.);
#950=EDGE_CURVE('',#745,#758,#48,.T.);
#951=EDGE_CURVE('',#759,#760,#49,.T.);
#952=EDGE_CURVE('',#760,#761,#391,.T.);
#953=EDGE_CURVE('',#761,#762,#50,.T.);
#954=EDGE_CURVE('',#762,#763,#392,.T.);
#955=EDGE_CURVE('',#763,#764,#51,.T.);
#956=EDGE_CURVE('',#764,#765,#393,.T.);
#957=EDGE_CURVE('',#765,#766,#52,.T.);
#958=EDGE_CURVE('',#766,#759,#394,.T.);
#959=EDGE_CURVE('',#767,#760,#395,.T.);
#960=EDGE_CURVE('',#768,#767,#396,.T.);
#961=EDGE_CURVE('',#768,#761,#397,.T.);
#962=EDGE_CURVE('',#769,#768,#53,.T.);
#963=EDGE_CURVE('',#769,#762,#398,.T.);
#964=EDGE_CURVE('',#770,#769,#399,.T.);
#965=EDGE_CURVE('',#770,#763,#400,.T.);
#966=EDGE_CURVE('',#771,#770,#54,.T.);
#967=EDGE_CURVE('',#771,#764,#401,.T.);
#968=EDGE_CURVE('',#772,#771,#402,.T.);
#969=EDGE_CURVE('',#772,#765,#403,.T.);
#970=EDGE_CURVE('',#773,#772,#55,.T.);
#971=EDGE_CURVE('',#773,#766,#404,.T.);
#972=EDGE_CURVE('',#774,#773,#405,.T.);
#973=EDGE_CURVE('',#759,#774,#406,.T.);
#974=EDGE_CURVE('',#767,#774,#56,.T.);
#975=EDGE_CURVE('',#775,#776,#407,.T.);
#976=EDGE_CURVE('',#775,#777,#408,.T.);
#977=EDGE_CURVE('',#778,#777,#409,.T.);
#978=EDGE_CURVE('',#776,#778,#410,.T.);
#979=EDGE_CURVE('',#776,#779,#411,.T.);
#980=EDGE_CURVE('',#780,#778,#412,.T.);
#981=EDGE_CURVE('',#779,#780,#413,.T.);
#982=EDGE_CURVE('',#779,#781,#414,.T.);
#983=EDGE_CURVE('',#782,#780,#415,.T.);
#984=EDGE_CURVE('',#781,#782,#416,.T.);
#985=EDGE_CURVE('',#781,#775,#417,.T.);
#986=EDGE_CURVE('',#777,#782,#418,.T.);
#987=EDGE_CURVE('',#783,#784,#57,.F.);
#988=EDGE_CURVE('',#783,#785,#419,.T.);
#989=EDGE_CURVE('',#786,#785,#58,.F.);
#990=EDGE_CURVE('',#784,#786,#420,.T.);
#991=EDGE_CURVE('',#784,#787,#421,.F.);
#992=EDGE_CURVE('',#788,#786,#422,.F.);
#993=EDGE_CURVE('',#787,#788,#423,.T.);
#994=EDGE_CURVE('',#787,#789,#59,.F.);
#995=EDGE_CURVE('',#790,#788,#60,.F.);
#996=EDGE_CURVE('',#789,#790,#424,.T.);
#997=EDGE_CURVE('',#789,#791,#425,.F.);
#998=EDGE_CURVE('',#792,#790,#426,.F.);
#999=EDGE_CURVE('',#791,#792,#427,.T.);
#1000=EDGE_CURVE('',#791,#793,#61,.F.);
#1001=EDGE_CURVE('',#794,#792,#62,.F.);
#1002=EDGE_CURVE('',#793,#794,#428,.T.);
#1003=EDGE_CURVE('',#793,#795,#429,.F.);
#1004=EDGE_CURVE('',#796,#794,#430,.F.);
#1005=EDGE_CURVE('',#795,#796,#431,.T.);
#1006=EDGE_CURVE('',#795,#797,#63,.F.);
#1007=EDGE_CURVE('',#798,#796,#64,.F.);
#1008=EDGE_CURVE('',#797,#798,#432,.T.);
#1009=EDGE_CURVE('',#797,#783,#433,.F.);
#1010=EDGE_CURVE('',#785,#798,#434,.F.);
#1011=EDGE_CURVE('',#799,#800,#435,.T.);
#1012=EDGE_CURVE('',#800,#801,#65,.T.);
#1013=EDGE_CURVE('',#801,#802,#436,.T.);
#1014=EDGE_CURVE('',#802,#803,#66,.T.);
#1015=EDGE_CURVE('',#803,#804,#437,.T.);
#1016=EDGE_CURVE('',#804,#805,#67,.T.);
#1017=EDGE_CURVE('',#805,#806,#438,.T.);
#1018=EDGE_CURVE('',#806,#799,#68,.T.);
#1019=EDGE_CURVE('',#800,#807,#439,.T.);
#1020=EDGE_CURVE('',#808,#807,#69,.T.);
#1021=EDGE_CURVE('',#801,#808,#440,.T.);
#1022=EDGE_CURVE('',#809,#808,#441,.T.);
#1023=EDGE_CURVE('',#802,#809,#442,.T.);
#1024=EDGE_CURVE('',#810,#809,#70,.T.);
#1025=EDGE_CURVE('',#803,#810,#443,.T.);
#1026=EDGE_CURVE('',#811,#810,#444,.T.);
#1027=EDGE_CURVE('',#804,#811,#445,.T.);
#1028=EDGE_CURVE('',#812,#811,#71,.T.);
#1029=EDGE_CURVE('',#805,#812,#446,.T.);
#1030=EDGE_CURVE('',#813,#812,#447,.T.);
#1031=EDGE_CURVE('',#806,#813,#448,.T.);
#1032=EDGE_CURVE('',#814,#813,#72,.T.);
#1033=EDGE_CURVE('',#799,#814,#449,.T.);
#1034=EDGE_CURVE('',#807,#814,#450,.T.);
#1035=EDGE_CURVE('',#815,#816,#73,.T.);
#1036=EDGE_CURVE('',#817,#815,#451,.T.);
#1037=EDGE_CURVE('',#818,#817,#74,.T.);
#1038=EDGE_CURVE('',#819,#818,#452,.T.);
#1039=EDGE_CURVE('',#820,#819,#75,.T.);
#1040=EDGE_CURVE('',#821,#820,#453,.T.);
#1041=EDGE_CURVE('',#822,#821,#76,.T.);
#1042=EDGE_CURVE('',#816,#822,#454,.T.);
#1043=EDGE_CURVE('',#823,#824,#77,.T.);
#1044=EDGE_CURVE('',#825,#823,#455,.T.);
#1045=EDGE_CURVE('',#826,#825,#78,.T.);
#1046=EDGE_CURVE('',#827,#826,#456,.T.);
#1047=EDGE_CURVE('',#828,#827,#79,.T.);
#1048=EDGE_CURVE('',#829,#828,#457,.T.);
#1049=EDGE_CURVE('',#830,#829,#80,.T.);
#1050=EDGE_CURVE('',#824,#830,#458,.T.);
#1051=EDGE_CURVE('',#831,#826,#459,.T.);
#1052=EDGE_CURVE('',#832,#831,#460,.T.);
#1053=EDGE_CURVE('',#832,#827,#461,.T.);
#1054=EDGE_CURVE('',#833,#825,#462,.T.);
#1055=EDGE_CURVE('',#831,#833,#81,.T.);
#1056=EDGE_CURVE('',#834,#823,#463,.T.);
#1057=EDGE_CURVE('',#833,#834,#464,.T.);
#1058=EDGE_CURVE('',#835,#836,#465,.T.);
#1059=EDGE_CURVE('',#836,#837,#466,.T.);
#1060=EDGE_CURVE('',#837,#838,#467,.T.);
#1061=EDGE_CURVE('',#838,#835,#468,.T.);
#1062=EDGE_CURVE('',#839,#824,#469,.T.);
#1063=EDGE_CURVE('',#834,#839,#82,.T.);
#1064=EDGE_CURVE('',#840,#820,#470,.T.);
#1065=EDGE_CURVE('',#841,#840,#471,.T.);
#1066=EDGE_CURVE('',#841,#821,#472,.T.);
#1067=EDGE_CURVE('',#842,#819,#473,.T.);
#1068=EDGE_CURVE('',#840,#842,#83,.T.);
#1069=EDGE_CURVE('',#843,#818,#474,.T.);
#1070=EDGE_CURVE('',#842,#843,#475,.T.);
#1071=EDGE_CURVE('',#844,#845,#476,.T.);
#1072=EDGE_CURVE('',#845,#846,#477,.T.);
#1073=EDGE_CURVE('',#846,#847,#478,.T.);
#1074=EDGE_CURVE('',#847,#844,#479,.T.);
#1075=EDGE_CURVE('',#848,#817,#480,.T.);
#1076=EDGE_CURVE('',#843,#848,#84,.T.);
#1077=EDGE_CURVE('',#849,#837,#481,.T.);
#1078=EDGE_CURVE('',#850,#849,#482,.T.);
#1079=EDGE_CURVE('',#850,#838,#483,.T.);
#1080=EDGE_CURVE('',#851,#852,#484,.T.);
#1081=EDGE_CURVE('',#851,#847,#485,.T.);
#1082=EDGE_CURVE('',#852,#846,#486,.T.);
#1083=EDGE_CURVE('',#853,#836,#487,.T.);
#1084=EDGE_CURVE('',#849,#853,#488,.T.);
#1085=EDGE_CURVE('',#852,#854,#489,.T.);
#1086=EDGE_CURVE('',#854,#845,#490,.T.);
#1087=EDGE_CURVE('',#855,#850,#491,.T.);
#1088=EDGE_CURVE('',#855,#835,#492,.T.);
#1089=EDGE_CURVE('',#853,#855,#493,.T.);
#1090=EDGE_CURVE('',#854,#856,#494,.T.);
#1091=EDGE_CURVE('',#856,#844,#495,.T.);
#1092=EDGE_CURVE('',#856,#851,#496,.T.);
#1093=EDGE_CURVE('',#857,#858,#85,.F.);
#1094=EDGE_CURVE('',#857,#859,#497,.T.);
#1095=EDGE_CURVE('',#860,#859,#86,.F.);
#1096=EDGE_CURVE('',#858,#860,#498,.T.);
#1097=EDGE_CURVE('',#858,#861,#499,.F.);
#1098=EDGE_CURVE('',#862,#860,#500,.F.);
#1099=EDGE_CURVE('',#861,#862,#501,.T.);
#1100=EDGE_CURVE('',#861,#863,#87,.F.);
#1101=EDGE_CURVE('',#864,#862,#88,.F.);
#1102=EDGE_CURVE('',#863,#864,#502,.T.);
#1103=EDGE_CURVE('',#863,#865,#503,.F.);
#1104=EDGE_CURVE('',#866,#864,#504,.F.);
#1105=EDGE_CURVE('',#865,#866,#505,.T.);
#1106=EDGE_CURVE('',#865,#867,#89,.F.);
#1107=EDGE_CURVE('',#868,#866,#90,.F.);
#1108=EDGE_CURVE('',#867,#868,#506,.T.);
#1109=EDGE_CURVE('',#867,#869,#507,.F.);
#1110=EDGE_CURVE('',#870,#868,#508,.F.);
#1111=EDGE_CURVE('',#869,#870,#509,.T.);
#1112=EDGE_CURVE('',#869,#871,#91,.F.);
#1113=EDGE_CURVE('',#872,#870,#92,.F.);
#1114=EDGE_CURVE('',#871,#872,#510,.T.);
#1115=EDGE_CURVE('',#871,#857,#511,.F.);
#1116=EDGE_CURVE('',#859,#872,#512,.F.);
#1117=EDGE_CURVE('',#873,#830,#513,.T.);
#1118=EDGE_CURVE('',#839,#873,#514,.T.);
#1119=EDGE_CURVE('',#874,#829,#515,.T.);
#1120=EDGE_CURVE('',#873,#874,#93,.T.);
#1121=EDGE_CURVE('',#875,#828,#516,.T.);
#1122=EDGE_CURVE('',#874,#875,#517,.T.);
#1123=EDGE_CURVE('',#875,#832,#94,.T.);
#1124=EDGE_CURVE('',#876,#815,#518,.T.);
#1125=EDGE_CURVE('',#848,#876,#519,.T.);
#1126=EDGE_CURVE('',#877,#841,#95,.T.);
#1127=EDGE_CURVE('',#877,#822,#520,.T.);
#1128=EDGE_CURVE('',#878,#877,#521,.T.);
#1129=EDGE_CURVE('',#816,#878,#522,.T.);
#1130=EDGE_CURVE('',#876,#878,#96,.T.);
#1131=ORIENTED_EDGE('',*,*,#879,.F.);
#1132=ORIENTED_EDGE('',*,*,#880,.F.);
#1133=ORIENTED_EDGE('',*,*,#881,.F.);
#1134=ORIENTED_EDGE('',*,*,#882,.T.);
#1135=ORIENTED_EDGE('',*,*,#883,.F.);
#1136=ORIENTED_EDGE('',*,*,#884,.T.);
#1137=ORIENTED_EDGE('',*,*,#885,.F.);
#1138=ORIENTED_EDGE('',*,*,#886,.F.);
#1139=ORIENTED_EDGE('',*,*,#887,.F.);
#1140=ORIENTED_EDGE('',*,*,#888,.F.);
#1141=ORIENTED_EDGE('',*,*,#889,.F.);
#1142=ORIENTED_EDGE('',*,*,#880,.T.);
#1143=ORIENTED_EDGE('',*,*,#890,.F.);
#1144=ORIENTED_EDGE('',*,*,#886,.T.);
#1145=ORIENTED_EDGE('',*,*,#891,.F.);
#1146=ORIENTED_EDGE('',*,*,#892,.F.);
#1147=ORIENTED_EDGE('',*,*,#893,.F.);
#1148=ORIENTED_EDGE('',*,*,#882,.F.);
#1149=ORIENTED_EDGE('',*,*,#894,.F.);
#1150=ORIENTED_EDGE('',*,*,#895,.T.);
#1151=ORIENTED_EDGE('',*,*,#896,.F.);
#1152=ORIENTED_EDGE('',*,*,#895,.F.);
#1153=ORIENTED_EDGE('',*,*,#897,.F.);
#1154=ORIENTED_EDGE('',*,*,#888,.T.);
#1155=ORIENTED_EDGE('',*,*,#898,.F.);
#1156=ORIENTED_EDGE('',*,*,#892,.T.);
#1157=ORIENTED_EDGE('',*,*,#899,.F.);
#1158=ORIENTED_EDGE('',*,*,#900,.F.);
#1159=ORIENTED_EDGE('',*,*,#901,.F.);
#1160=ORIENTED_EDGE('',*,*,#900,.T.);
#1161=ORIENTED_EDGE('',*,*,#902,.F.);
#1162=ORIENTED_EDGE('',*,*,#884,.F.);
#1163=ORIENTED_EDGE('',*,*,#903,.F.);
#1164=ORIENTED_EDGE('',*,*,#904,.T.);
#1165=ORIENTED_EDGE('',*,*,#905,.F.);
#1166=ORIENTED_EDGE('',*,*,#906,.F.);
#1167=ORIENTED_EDGE('',*,*,#907,.F.);
#1168=ORIENTED_EDGE('',*,*,#906,.T.);
#1169=ORIENTED_EDGE('',*,*,#908,.F.);
#1170=ORIENTED_EDGE('',*,*,#909,.F.);
#1171=ORIENTED_EDGE('',*,*,#910,.F.);
#1172=ORIENTED_EDGE('',*,*,#909,.T.);
#1173=ORIENTED_EDGE('',*,*,#911,.F.);
#1174=ORIENTED_EDGE('',*,*,#912,.F.);
#1175=ORIENTED_EDGE('',*,*,#913,.F.);
#1176=ORIENTED_EDGE('',*,*,#912,.T.);
#1177=ORIENTED_EDGE('',*,*,#914,.F.);
#1178=ORIENTED_EDGE('',*,*,#915,.F.);
#1179=ORIENTED_EDGE('',*,*,#916,.F.);
#1180=ORIENTED_EDGE('',*,*,#915,.T.);
#1181=ORIENTED_EDGE('',*,*,#917,.F.);
#1182=ORIENTED_EDGE('',*,*,#918,.F.);
#1183=ORIENTED_EDGE('',*,*,#919,.F.);
#1184=ORIENTED_EDGE('',*,*,#918,.T.);
#1185=ORIENTED_EDGE('',*,*,#920,.F.);
#1186=ORIENTED_EDGE('',*,*,#921,.F.);
#1187=ORIENTED_EDGE('',*,*,#922,.F.);
#1188=ORIENTED_EDGE('',*,*,#921,.T.);
#1189=ORIENTED_EDGE('',*,*,#923,.F.);
#1190=ORIENTED_EDGE('',*,*,#924,.F.);
#1191=ORIENTED_EDGE('',*,*,#925,.F.);
#1192=ORIENTED_EDGE('',*,*,#924,.T.);
#1193=ORIENTED_EDGE('',*,*,#926,.F.);
#1194=ORIENTED_EDGE('',*,*,#904,.F.);
#1195=ORIENTED_EDGE('',*,*,#926,.T.);
#1196=ORIENTED_EDGE('',*,*,#923,.T.);
#1197=ORIENTED_EDGE('',*,*,#920,.T.);
#1198=ORIENTED_EDGE('',*,*,#917,.T.);
#1199=ORIENTED_EDGE('',*,*,#914,.T.);
#1200=ORIENTED_EDGE('',*,*,#911,.T.);
#1201=ORIENTED_EDGE('',*,*,#908,.T.);
#1202=ORIENTED_EDGE('',*,*,#905,.T.);
#1203=ORIENTED_EDGE('',*,*,#927,.F.);
#1204=ORIENTED_EDGE('',*,*,#928,.T.);
#1205=ORIENTED_EDGE('',*,*,#929,.F.);
#1206=ORIENTED_EDGE('',*,*,#930,.F.);
#1207=ORIENTED_EDGE('',*,*,#931,.F.);
#1208=ORIENTED_EDGE('',*,*,#930,.T.);
#1209=ORIENTED_EDGE('',*,*,#932,.F.);
#1210=ORIENTED_EDGE('',*,*,#933,.F.);
#1211=ORIENTED_EDGE('',*,*,#934,.F.);
#1212=ORIENTED_EDGE('',*,*,#933,.T.);
#1213=ORIENTED_EDGE('',*,*,#935,.F.);
#1214=ORIENTED_EDGE('',*,*,#936,.F.);
#1215=ORIENTED_EDGE('',*,*,#898,.T.);
#1216=ORIENTED_EDGE('',*,*,#901,.T.);
#1217=ORIENTED_EDGE('',*,*,#883,.T.);
#1218=ORIENTED_EDGE('',*,*,#890,.T.);
#1219=ORIENTED_EDGE('',*,*,#937,.F.);
#1220=ORIENTED_EDGE('',*,*,#936,.T.);
#1221=ORIENTED_EDGE('',*,*,#938,.F.);
#1222=ORIENTED_EDGE('',*,*,#939,.F.);
#1223=ORIENTED_EDGE('',*,*,#940,.F.);
#1224=ORIENTED_EDGE('',*,*,#939,.T.);
#1225=ORIENTED_EDGE('',*,*,#941,.F.);
#1226=ORIENTED_EDGE('',*,*,#942,.F.);
#1227=ORIENTED_EDGE('',*,*,#943,.F.);
#1228=ORIENTED_EDGE('',*,*,#942,.T.);
#1229=ORIENTED_EDGE('',*,*,#944,.F.);
#1230=ORIENTED_EDGE('',*,*,#945,.F.);
#1231=ORIENTED_EDGE('',*,*,#946,.F.);
#1232=ORIENTED_EDGE('',*,*,#945,.T.);
#1233=ORIENTED_EDGE('',*,*,#947,.F.);
#1234=ORIENTED_EDGE('',*,*,#948,.F.);
#1235=ORIENTED_EDGE('',*,*,#896,.T.);
#1236=ORIENTED_EDGE('',*,*,#887,.T.);
#1237=ORIENTED_EDGE('',*,*,#879,.T.);
#1238=ORIENTED_EDGE('',*,*,#893,.T.);
#1239=ORIENTED_EDGE('',*,*,#949,.F.);
#1240=ORIENTED_EDGE('',*,*,#948,.T.);
#1241=ORIENTED_EDGE('',*,*,#950,.F.);
#1242=ORIENTED_EDGE('',*,*,#928,.F.);
#1243=ORIENTED_EDGE('',*,*,#951,.T.);
#1244=ORIENTED_EDGE('',*,*,#952,.T.);
#1245=ORIENTED_EDGE('',*,*,#953,.T.);
#1246=ORIENTED_EDGE('',*,*,#954,.T.);
#1247=ORIENTED_EDGE('',*,*,#955,.T.);
#1248=ORIENTED_EDGE('',*,*,#956,.T.);
#1249=ORIENTED_EDGE('',*,*,#957,.T.);
#1250=ORIENTED_EDGE('',*,*,#958,.T.);
#1251=ORIENTED_EDGE('',*,*,#950,.T.);
#1252=ORIENTED_EDGE('',*,*,#947,.T.);
#1253=ORIENTED_EDGE('',*,*,#944,.T.);
#1254=ORIENTED_EDGE('',*,*,#941,.T.);
#1255=ORIENTED_EDGE('',*,*,#938,.T.);
#1256=ORIENTED_EDGE('',*,*,#935,.T.);
#1257=ORIENTED_EDGE('',*,*,#932,.T.);
#1258=ORIENTED_EDGE('',*,*,#929,.T.);
#1259=ORIENTED_EDGE('',*,*,#959,.F.);
#1260=ORIENTED_EDGE('',*,*,#960,.F.);
#1261=ORIENTED_EDGE('',*,*,#961,.T.);
#1262=ORIENTED_EDGE('',*,*,#952,.F.);
#1263=ORIENTED_EDGE('',*,*,#961,.F.);
#1264=ORIENTED_EDGE('',*,*,#962,.F.);
#1265=ORIENTED_EDGE('',*,*,#963,.T.);
#1266=ORIENTED_EDGE('',*,*,#953,.F.);
#1267=ORIENTED_EDGE('',*,*,#963,.F.);
#1268=ORIENTED_EDGE('',*,*,#964,.F.);
#1269=ORIENTED_EDGE('',*,*,#965,.T.);
#1270=ORIENTED_EDGE('',*,*,#954,.F.);
#1271=ORIENTED_EDGE('',*,*,#899,.T.);
#1272=ORIENTED_EDGE('',*,*,#891,.T.);
#1273=ORIENTED_EDGE('',*,*,#885,.T.);
#1274=ORIENTED_EDGE('',*,*,#902,.T.);
#1275=ORIENTED_EDGE('',*,*,#965,.F.);
#1276=ORIENTED_EDGE('',*,*,#966,.F.);
#1277=ORIENTED_EDGE('',*,*,#967,.T.);
#1278=ORIENTED_EDGE('',*,*,#955,.F.);
#1279=ORIENTED_EDGE('',*,*,#967,.F.);
#1280=ORIENTED_EDGE('',*,*,#968,.F.);
#1281=ORIENTED_EDGE('',*,*,#969,.T.);
#1282=ORIENTED_EDGE('',*,*,#956,.F.);
#1283=ORIENTED_EDGE('',*,*,#969,.F.);
#1284=ORIENTED_EDGE('',*,*,#970,.F.);
#1285=ORIENTED_EDGE('',*,*,#971,.T.);
#1286=ORIENTED_EDGE('',*,*,#957,.F.);
#1287=ORIENTED_EDGE('',*,*,#971,.F.);
#1288=ORIENTED_EDGE('',*,*,#972,.F.);
#1289=ORIENTED_EDGE('',*,*,#973,.F.);
#1290=ORIENTED_EDGE('',*,*,#958,.F.);
#1291=ORIENTED_EDGE('',*,*,#897,.T.);
#1292=ORIENTED_EDGE('',*,*,#894,.T.);
#1293=ORIENTED_EDGE('',*,*,#881,.T.);
#1294=ORIENTED_EDGE('',*,*,#889,.T.);
#1295=ORIENTED_EDGE('',*,*,#973,.T.);
#1296=ORIENTED_EDGE('',*,*,#974,.F.);
#1297=ORIENTED_EDGE('',*,*,#959,.T.);
#1298=ORIENTED_EDGE('',*,*,#951,.F.);
#1299=ORIENTED_EDGE('',*,*,#927,.T.);
#1300=ORIENTED_EDGE('',*,*,#931,.T.);
#1301=ORIENTED_EDGE('',*,*,#934,.T.);
#1302=ORIENTED_EDGE('',*,*,#937,.T.);
#1303=ORIENTED_EDGE('',*,*,#940,.T.);
#1304=ORIENTED_EDGE('',*,*,#943,.T.);
#1305=ORIENTED_EDGE('',*,*,#946,.T.);
#1306=ORIENTED_EDGE('',*,*,#949,.T.);
#1307=ORIENTED_EDGE('',*,*,#974,.T.);
#1308=ORIENTED_EDGE('',*,*,#972,.T.);
#1309=ORIENTED_EDGE('',*,*,#970,.T.);
#1310=ORIENTED_EDGE('',*,*,#968,.T.);
#1311=ORIENTED_EDGE('',*,*,#966,.T.);
#1312=ORIENTED_EDGE('',*,*,#964,.T.);
#1313=ORIENTED_EDGE('',*,*,#962,.T.);
#1314=ORIENTED_EDGE('',*,*,#960,.T.);
#1315=ORIENTED_EDGE('',*,*,#903,.T.);
#1316=ORIENTED_EDGE('',*,*,#907,.T.);
#1317=ORIENTED_EDGE('',*,*,#910,.T.);
#1318=ORIENTED_EDGE('',*,*,#913,.T.);
#1319=ORIENTED_EDGE('',*,*,#916,.T.);
#1320=ORIENTED_EDGE('',*,*,#919,.T.);
#1321=ORIENTED_EDGE('',*,*,#922,.T.);
#1322=ORIENTED_EDGE('',*,*,#925,.T.);
#1323=ORIENTED_EDGE('',*,*,#975,.F.);
#1324=ORIENTED_EDGE('',*,*,#976,.T.);
#1325=ORIENTED_EDGE('',*,*,#977,.F.);
#1326=ORIENTED_EDGE('',*,*,#978,.F.);
#1327=ORIENTED_EDGE('',*,*,#979,.F.);
#1328=ORIENTED_EDGE('',*,*,#978,.T.);
#1329=ORIENTED_EDGE('',*,*,#980,.F.);
#1330=ORIENTED_EDGE('',*,*,#981,.F.);
#1331=ORIENTED_EDGE('',*,*,#982,.F.);
#1332=ORIENTED_EDGE('',*,*,#981,.T.);
#1333=ORIENTED_EDGE('',*,*,#983,.F.);
#1334=ORIENTED_EDGE('',*,*,#984,.F.);
#1335=ORIENTED_EDGE('',*,*,#985,.F.);
#1336=ORIENTED_EDGE('',*,*,#984,.T.);
#1337=ORIENTED_EDGE('',*,*,#986,.F.);
#1338=ORIENTED_EDGE('',*,*,#976,.F.);
#1339=ORIENTED_EDGE('',*,*,#987,.F.);
#1340=ORIENTED_EDGE('',*,*,#988,.T.);
#1341=ORIENTED_EDGE('',*,*,#989,.F.);
#1342=ORIENTED_EDGE('',*,*,#990,.F.);
#1343=ORIENTED_EDGE('',*,*,#991,.F.);
#1344=ORIENTED_EDGE('',*,*,#990,.T.);
#1345=ORIENTED_EDGE('',*,*,#992,.F.);
#1346=ORIENTED_EDGE('',*,*,#993,.F.);
#1347=ORIENTED_EDGE('',*,*,#994,.F.);
#1348=ORIENTED_EDGE('',*,*,#993,.T.);
#1349=ORIENTED_EDGE('',*,*,#995,.F.);
#1350=ORIENTED_EDGE('',*,*,#996,.F.);
#1351=ORIENTED_EDGE('',*,*,#997,.F.);
#1352=ORIENTED_EDGE('',*,*,#996,.T.);
#1353=ORIENTED_EDGE('',*,*,#998,.F.);
#1354=ORIENTED_EDGE('',*,*,#999,.F.);
#1355=ORIENTED_EDGE('',*,*,#1000,.F.);
#1356=ORIENTED_EDGE('',*,*,#999,.T.);
#1357=ORIENTED_EDGE('',*,*,#1001,.F.);
#1358=ORIENTED_EDGE('',*,*,#1002,.F.);
#1359=ORIENTED_EDGE('',*,*,#1003,.F.);
#1360=ORIENTED_EDGE('',*,*,#1002,.T.);
#1361=ORIENTED_EDGE('',*,*,#1004,.F.);
#1362=ORIENTED_EDGE('',*,*,#1005,.F.);
#1363=ORIENTED_EDGE('',*,*,#1006,.F.);
#1364=ORIENTED_EDGE('',*,*,#1005,.T.);
#1365=ORIENTED_EDGE('',*,*,#1007,.F.);
#1366=ORIENTED_EDGE('',*,*,#1008,.F.);
#1367=ORIENTED_EDGE('',*,*,#1009,.F.);
#1368=ORIENTED_EDGE('',*,*,#1008,.T.);
#1369=ORIENTED_EDGE('',*,*,#1010,.F.);
#1370=ORIENTED_EDGE('',*,*,#988,.F.);
#1371=ORIENTED_EDGE('',*,*,#1010,.T.);
#1372=ORIENTED_EDGE('',*,*,#1007,.T.);
#1373=ORIENTED_EDGE('',*,*,#1004,.T.);
#1374=ORIENTED_EDGE('',*,*,#1001,.T.);
#1375=ORIENTED_EDGE('',*,*,#998,.T.);
#1376=ORIENTED_EDGE('',*,*,#995,.T.);
#1377=ORIENTED_EDGE('',*,*,#992,.T.);
#1378=ORIENTED_EDGE('',*,*,#989,.T.);
#1379=ORIENTED_EDGE('',*,*,#986,.T.);
#1380=ORIENTED_EDGE('',*,*,#983,.T.);
#1381=ORIENTED_EDGE('',*,*,#980,.T.);
#1382=ORIENTED_EDGE('',*,*,#977,.T.);
#1383=ORIENTED_EDGE('',*,*,#1011,.T.);
#1384=ORIENTED_EDGE('',*,*,#1012,.T.);
#1385=ORIENTED_EDGE('',*,*,#1013,.T.);
#1386=ORIENTED_EDGE('',*,*,#1014,.T.);
#1387=ORIENTED_EDGE('',*,*,#1015,.T.);
#1388=ORIENTED_EDGE('',*,*,#1016,.T.);
#1389=ORIENTED_EDGE('',*,*,#1017,.T.);
#1390=ORIENTED_EDGE('',*,*,#1018,.T.);
#1391=ORIENTED_EDGE('',*,*,#987,.T.);
#1392=ORIENTED_EDGE('',*,*,#991,.T.);
#1393=ORIENTED_EDGE('',*,*,#994,.T.);
#1394=ORIENTED_EDGE('',*,*,#997,.T.);
#1395=ORIENTED_EDGE('',*,*,#1000,.T.);
#1396=ORIENTED_EDGE('',*,*,#1003,.T.);
#1397=ORIENTED_EDGE('',*,*,#1006,.T.);
#1398=ORIENTED_EDGE('',*,*,#1009,.T.);
#1399=ORIENTED_EDGE('',*,*,#1012,.F.);
#1400=ORIENTED_EDGE('',*,*,#1019,.T.);
#1401=ORIENTED_EDGE('',*,*,#1020,.F.);
#1402=ORIENTED_EDGE('',*,*,#1021,.F.);
#1403=ORIENTED_EDGE('',*,*,#1013,.F.);
#1404=ORIENTED_EDGE('',*,*,#1021,.T.);
#1405=ORIENTED_EDGE('',*,*,#1022,.F.);
#1406=ORIENTED_EDGE('',*,*,#1023,.F.);
#1407=ORIENTED_EDGE('',*,*,#1014,.F.);
#1408=ORIENTED_EDGE('',*,*,#1023,.T.);
#1409=ORIENTED_EDGE('',*,*,#1024,.F.);
#1410=ORIENTED_EDGE('',*,*,#1025,.F.);
#1411=ORIENTED_EDGE('',*,*,#1015,.F.);
#1412=ORIENTED_EDGE('',*,*,#1025,.T.);
#1413=ORIENTED_EDGE('',*,*,#1026,.F.);
#1414=ORIENTED_EDGE('',*,*,#1027,.F.);
#1415=ORIENTED_EDGE('',*,*,#1016,.F.);
#1416=ORIENTED_EDGE('',*,*,#1027,.T.);
#1417=ORIENTED_EDGE('',*,*,#1028,.F.);
#1418=ORIENTED_EDGE('',*,*,#1029,.F.);
#1419=ORIENTED_EDGE('',*,*,#1017,.F.);
#1420=ORIENTED_EDGE('',*,*,#1029,.T.);
#1421=ORIENTED_EDGE('',*,*,#1030,.F.);
#1422=ORIENTED_EDGE('',*,*,#1031,.F.);
#1423=ORIENTED_EDGE('',*,*,#1018,.F.);
#1424=ORIENTED_EDGE('',*,*,#1031,.T.);
#1425=ORIENTED_EDGE('',*,*,#1032,.F.);
#1426=ORIENTED_EDGE('',*,*,#1033,.F.);
#1427=ORIENTED_EDGE('',*,*,#1011,.F.);
#1428=ORIENTED_EDGE('',*,*,#1033,.T.);
#1429=ORIENTED_EDGE('',*,*,#1034,.F.);
#1430=ORIENTED_EDGE('',*,*,#1019,.F.);
#1431=ORIENTED_EDGE('',*,*,#1034,.T.);
#1432=ORIENTED_EDGE('',*,*,#1032,.T.);
#1433=ORIENTED_EDGE('',*,*,#1030,.T.);
#1434=ORIENTED_EDGE('',*,*,#1028,.T.);
#1435=ORIENTED_EDGE('',*,*,#1026,.T.);
#1436=ORIENTED_EDGE('',*,*,#1024,.T.);
#1437=ORIENTED_EDGE('',*,*,#1022,.T.);
#1438=ORIENTED_EDGE('',*,*,#1020,.T.);
#1439=ORIENTED_EDGE('',*,*,#975,.T.);
#1440=ORIENTED_EDGE('',*,*,#979,.T.);
#1441=ORIENTED_EDGE('',*,*,#982,.T.);
#1442=ORIENTED_EDGE('',*,*,#985,.T.);
#1443=ORIENTED_EDGE('',*,*,#1035,.F.);
#1444=ORIENTED_EDGE('',*,*,#1036,.F.);
#1445=ORIENTED_EDGE('',*,*,#1037,.F.);
#1446=ORIENTED_EDGE('',*,*,#1038,.F.);
#1447=ORIENTED_EDGE('',*,*,#1039,.F.);
#1448=ORIENTED_EDGE('',*,*,#1040,.F.);
#1449=ORIENTED_EDGE('',*,*,#1041,.F.);
#1450=ORIENTED_EDGE('',*,*,#1042,.F.);
#1451=ORIENTED_EDGE('',*,*,#1043,.F.);
#1452=ORIENTED_EDGE('',*,*,#1044,.F.);
#1453=ORIENTED_EDGE('',*,*,#1045,.F.);
#1454=ORIENTED_EDGE('',*,*,#1046,.F.);
#1455=ORIENTED_EDGE('',*,*,#1047,.F.);
#1456=ORIENTED_EDGE('',*,*,#1048,.F.);
#1457=ORIENTED_EDGE('',*,*,#1049,.F.);
#1458=ORIENTED_EDGE('',*,*,#1050,.F.);
#1459=ORIENTED_EDGE('',*,*,#1046,.T.);
#1460=ORIENTED_EDGE('',*,*,#1051,.F.);
#1461=ORIENTED_EDGE('',*,*,#1052,.F.);
#1462=ORIENTED_EDGE('',*,*,#1053,.T.);
#1463=ORIENTED_EDGE('',*,*,#1045,.T.);
#1464=ORIENTED_EDGE('',*,*,#1054,.F.);
#1465=ORIENTED_EDGE('',*,*,#1055,.F.);
#1466=ORIENTED_EDGE('',*,*,#1051,.T.);
#1467=ORIENTED_EDGE('',*,*,#1044,.T.);
#1468=ORIENTED_EDGE('',*,*,#1056,.F.);
#1469=ORIENTED_EDGE('',*,*,#1057,.F.);
#1470=ORIENTED_EDGE('',*,*,#1054,.T.);
#1471=ORIENTED_EDGE('',*,*,#1058,.T.);
#1472=ORIENTED_EDGE('',*,*,#1059,.T.);
#1473=ORIENTED_EDGE('',*,*,#1060,.T.);
#1474=ORIENTED_EDGE('',*,*,#1061,.T.);
#1475=ORIENTED_EDGE('',*,*,#1043,.T.);
#1476=ORIENTED_EDGE('',*,*,#1062,.F.);
#1477=ORIENTED_EDGE('',*,*,#1063,.F.);
#1478=ORIENTED_EDGE('',*,*,#1056,.T.);
#1479=ORIENTED_EDGE('',*,*,#1040,.T.);
#1480=ORIENTED_EDGE('',*,*,#1064,.F.);
#1481=ORIENTED_EDGE('',*,*,#1065,.F.);
#1482=ORIENTED_EDGE('',*,*,#1066,.T.);
#1483=ORIENTED_EDGE('',*,*,#1039,.T.);
#1484=ORIENTED_EDGE('',*,*,#1067,.F.);
#1485=ORIENTED_EDGE('',*,*,#1068,.F.);
#1486=ORIENTED_EDGE('',*,*,#1064,.T.);
#1487=ORIENTED_EDGE('',*,*,#1038,.T.);
#1488=ORIENTED_EDGE('',*,*,#1069,.F.);
#1489=ORIENTED_EDGE('',*,*,#1070,.F.);
#1490=ORIENTED_EDGE('',*,*,#1067,.T.);
#1491=ORIENTED_EDGE('',*,*,#1071,.T.);
#1492=ORIENTED_EDGE('',*,*,#1072,.T.);
#1493=ORIENTED_EDGE('',*,*,#1073,.T.);
#1494=ORIENTED_EDGE('',*,*,#1074,.T.);
#1495=ORIENTED_EDGE('',*,*,#1037,.T.);
#1496=ORIENTED_EDGE('',*,*,#1075,.F.);
#1497=ORIENTED_EDGE('',*,*,#1076,.F.);
#1498=ORIENTED_EDGE('',*,*,#1069,.T.);
#1499=ORIENTED_EDGE('',*,*,#1060,.F.);
#1500=ORIENTED_EDGE('',*,*,#1077,.F.);
#1501=ORIENTED_EDGE('',*,*,#1078,.F.);
#1502=ORIENTED_EDGE('',*,*,#1079,.T.);
#1503=ORIENTED_EDGE('',*,*,#1080,.F.);
#1504=ORIENTED_EDGE('',*,*,#1081,.T.);
#1505=ORIENTED_EDGE('',*,*,#1073,.F.);
#1506=ORIENTED_EDGE('',*,*,#1082,.F.);
#1507=ORIENTED_EDGE('',*,*,#1059,.F.);
#1508=ORIENTED_EDGE('',*,*,#1083,.F.);
#1509=ORIENTED_EDGE('',*,*,#1084,.F.);
#1510=ORIENTED_EDGE('',*,*,#1077,.T.);
#1511=ORIENTED_EDGE('',*,*,#1085,.F.);
#1512=ORIENTED_EDGE('',*,*,#1082,.T.);
#1513=ORIENTED_EDGE('',*,*,#1072,.F.);
#1514=ORIENTED_EDGE('',*,*,#1086,.F.);
#1515=ORIENTED_EDGE('',*,*,#1061,.F.);
#1516=ORIENTED_EDGE('',*,*,#1079,.F.);
#1517=ORIENTED_EDGE('',*,*,#1087,.F.);
#1518=ORIENTED_EDGE('',*,*,#1088,.T.);
#1519=ORIENTED_EDGE('',*,*,#1058,.F.);
#1520=ORIENTED_EDGE('',*,*,#1088,.F.);
#1521=ORIENTED_EDGE('',*,*,#1089,.F.);
#1522=ORIENTED_EDGE('',*,*,#1083,.T.);
#1523=ORIENTED_EDGE('',*,*,#1090,.F.);
#1524=ORIENTED_EDGE('',*,*,#1086,.T.);
#1525=ORIENTED_EDGE('',*,*,#1071,.F.);
#1526=ORIENTED_EDGE('',*,*,#1091,.F.);
#1527=ORIENTED_EDGE('',*,*,#1092,.F.);
#1528=ORIENTED_EDGE('',*,*,#1091,.T.);
#1529=ORIENTED_EDGE('',*,*,#1074,.F.);
#1530=ORIENTED_EDGE('',*,*,#1081,.F.);
#1531=ORIENTED_EDGE('',*,*,#1093,.F.);
#1532=ORIENTED_EDGE('',*,*,#1094,.T.);
#1533=ORIENTED_EDGE('',*,*,#1095,.F.);
#1534=ORIENTED_EDGE('',*,*,#1096,.F.);
#1535=ORIENTED_EDGE('',*,*,#1097,.F.);
#1536=ORIENTED_EDGE('',*,*,#1096,.T.);
#1537=ORIENTED_EDGE('',*,*,#1098,.F.);
#1538=ORIENTED_EDGE('',*,*,#1099,.F.);
#1539=ORIENTED_EDGE('',*,*,#1100,.F.);
#1540=ORIENTED_EDGE('',*,*,#1099,.T.);
#1541=ORIENTED_EDGE('',*,*,#1101,.F.);
#1542=ORIENTED_EDGE('',*,*,#1102,.F.);
#1543=ORIENTED_EDGE('',*,*,#1103,.F.);
#1544=ORIENTED_EDGE('',*,*,#1102,.T.);
#1545=ORIENTED_EDGE('',*,*,#1104,.F.);
#1546=ORIENTED_EDGE('',*,*,#1105,.F.);
#1547=ORIENTED_EDGE('',*,*,#1106,.F.);
#1548=ORIENTED_EDGE('',*,*,#1105,.T.);
#1549=ORIENTED_EDGE('',*,*,#1107,.F.);
#1550=ORIENTED_EDGE('',*,*,#1108,.F.);
#1551=ORIENTED_EDGE('',*,*,#1109,.F.);
#1552=ORIENTED_EDGE('',*,*,#1108,.T.);
#1553=ORIENTED_EDGE('',*,*,#1110,.F.);
#1554=ORIENTED_EDGE('',*,*,#1111,.F.);
#1555=ORIENTED_EDGE('',*,*,#1112,.F.);
#1556=ORIENTED_EDGE('',*,*,#1111,.T.);
#1557=ORIENTED_EDGE('',*,*,#1113,.F.);
#1558=ORIENTED_EDGE('',*,*,#1114,.F.);
#1559=ORIENTED_EDGE('',*,*,#1115,.F.);
#1560=ORIENTED_EDGE('',*,*,#1114,.T.);
#1561=ORIENTED_EDGE('',*,*,#1116,.F.);
#1562=ORIENTED_EDGE('',*,*,#1094,.F.);
#1563=ORIENTED_EDGE('',*,*,#1116,.T.);
#1564=ORIENTED_EDGE('',*,*,#1113,.T.);
#1565=ORIENTED_EDGE('',*,*,#1110,.T.);
#1566=ORIENTED_EDGE('',*,*,#1107,.T.);
#1567=ORIENTED_EDGE('',*,*,#1104,.T.);
#1568=ORIENTED_EDGE('',*,*,#1101,.T.);
#1569=ORIENTED_EDGE('',*,*,#1098,.T.);
#1570=ORIENTED_EDGE('',*,*,#1095,.T.);
#1571=ORIENTED_EDGE('',*,*,#1050,.T.);
#1572=ORIENTED_EDGE('',*,*,#1117,.F.);
#1573=ORIENTED_EDGE('',*,*,#1118,.F.);
#1574=ORIENTED_EDGE('',*,*,#1062,.T.);
#1575=ORIENTED_EDGE('',*,*,#1049,.T.);
#1576=ORIENTED_EDGE('',*,*,#1119,.F.);
#1577=ORIENTED_EDGE('',*,*,#1120,.F.);
#1578=ORIENTED_EDGE('',*,*,#1117,.T.);
#1579=ORIENTED_EDGE('',*,*,#1048,.T.);
#1580=ORIENTED_EDGE('',*,*,#1121,.F.);
#1581=ORIENTED_EDGE('',*,*,#1122,.F.);
#1582=ORIENTED_EDGE('',*,*,#1119,.T.);
#1583=ORIENTED_EDGE('',*,*,#1090,.T.);
#1584=ORIENTED_EDGE('',*,*,#1092,.T.);
#1585=ORIENTED_EDGE('',*,*,#1080,.T.);
#1586=ORIENTED_EDGE('',*,*,#1085,.T.);
#1587=ORIENTED_EDGE('',*,*,#1047,.T.);
#1588=ORIENTED_EDGE('',*,*,#1053,.F.);
#1589=ORIENTED_EDGE('',*,*,#1123,.F.);
#1590=ORIENTED_EDGE('',*,*,#1121,.T.);
#1591=ORIENTED_EDGE('',*,*,#1036,.T.);
#1592=ORIENTED_EDGE('',*,*,#1124,.F.);
#1593=ORIENTED_EDGE('',*,*,#1125,.F.);
#1594=ORIENTED_EDGE('',*,*,#1075,.T.);
#1595=ORIENTED_EDGE('',*,*,#1041,.T.);
#1596=ORIENTED_EDGE('',*,*,#1066,.F.);
#1597=ORIENTED_EDGE('',*,*,#1126,.F.);
#1598=ORIENTED_EDGE('',*,*,#1127,.T.);
#1599=ORIENTED_EDGE('',*,*,#1042,.T.);
#1600=ORIENTED_EDGE('',*,*,#1127,.F.);
#1601=ORIENTED_EDGE('',*,*,#1128,.F.);
#1602=ORIENTED_EDGE('',*,*,#1129,.F.);
#1603=ORIENTED_EDGE('',*,*,#1089,.T.);
#1604=ORIENTED_EDGE('',*,*,#1087,.T.);
#1605=ORIENTED_EDGE('',*,*,#1078,.T.);
#1606=ORIENTED_EDGE('',*,*,#1084,.T.);
#1607=ORIENTED_EDGE('',*,*,#1035,.T.);
#1608=ORIENTED_EDGE('',*,*,#1129,.T.);
#1609=ORIENTED_EDGE('',*,*,#1130,.F.);
#1610=ORIENTED_EDGE('',*,*,#1124,.T.);
#1611=ORIENTED_EDGE('',*,*,#1118,.T.);
#1612=ORIENTED_EDGE('',*,*,#1120,.T.);
#1613=ORIENTED_EDGE('',*,*,#1122,.T.);
#1614=ORIENTED_EDGE('',*,*,#1123,.T.);
#1615=ORIENTED_EDGE('',*,*,#1052,.T.);
#1616=ORIENTED_EDGE('',*,*,#1055,.T.);
#1617=ORIENTED_EDGE('',*,*,#1057,.T.);
#1618=ORIENTED_EDGE('',*,*,#1063,.T.);
#1619=ORIENTED_EDGE('',*,*,#1130,.T.);
#1620=ORIENTED_EDGE('',*,*,#1128,.T.);
#1621=ORIENTED_EDGE('',*,*,#1126,.T.);
#1622=ORIENTED_EDGE('',*,*,#1065,.T.);
#1623=ORIENTED_EDGE('',*,*,#1068,.T.);
#1624=ORIENTED_EDGE('',*,*,#1070,.T.);
#1625=ORIENTED_EDGE('',*,*,#1076,.T.);
#1626=ORIENTED_EDGE('',*,*,#1125,.T.);
#1627=ORIENTED_EDGE('',*,*,#1093,.T.);
#1628=ORIENTED_EDGE('',*,*,#1097,.T.);
#1629=ORIENTED_EDGE('',*,*,#1100,.T.);
#1630=ORIENTED_EDGE('',*,*,#1103,.T.);
#1631=ORIENTED_EDGE('',*,*,#1106,.T.);
#1632=ORIENTED_EDGE('',*,*,#1109,.T.);
#1633=ORIENTED_EDGE('',*,*,#1112,.T.);
#1634=ORIENTED_EDGE('',*,*,#1115,.T.);
#1635=PLANE('',#1811);
#1636=PLANE('',#1812);
#1637=PLANE('',#1813);
#1638=PLANE('',#1814);
#1639=PLANE('',#1815);
#1640=PLANE('',#1816);
#1641=PLANE('',#1817);
#1642=PLANE('',#1818);
#1643=PLANE('',#1822);
#1644=PLANE('',#1826);
#1645=PLANE('',#1830);
#1646=PLANE('',#1834);
#1647=PLANE('',#1835);
#1648=PLANE('',#1836);
#1649=PLANE('',#1840);
#1650=PLANE('',#1844);
#1651=PLANE('',#1848);
#1652=PLANE('',#1852);
#1653=PLANE('',#1857);
#1654=PLANE('',#1860);
#1655=PLANE('',#1863);
#1656=PLANE('',#1866);
#1657=PLANE('',#1869);
#1658=PLANE('',#1870);
#1659=PLANE('',#1871);
#1660=PLANE('',#1872);
#1661=PLANE('',#1873);
#1662=PLANE('',#1874);
#1663=PLANE('',#1878);
#1664=PLANE('',#1882);
#1665=PLANE('',#1886);
#1666=PLANE('',#1890);
#1667=PLANE('',#1891);
#1668=PLANE('',#1892);
#1669=PLANE('',#1899);
#1670=PLANE('',#1902);
#1671=PLANE('',#1905);
#1672=PLANE('',#1908);
#1673=PLANE('',#1909);
#1674=PLANE('',#1910);
#1675=PLANE('',#1911);
#1676=PLANE('',#1920);
#1677=PLANE('',#1923);
#1678=PLANE('',#1926);
#1679=PLANE('',#1929);
#1680=PLANE('',#1932);
#1681=PLANE('',#1933);
#1682=PLANE('',#1934);
#1683=PLANE('',#1935);
#1684=PLANE('',#1936);
#1685=PLANE('',#1937);
#1686=PLANE('',#1938);
#1687=PLANE('',#1939);
#1688=PLANE('',#1943);
#1689=PLANE('',#1947);
#1690=PLANE('',#1951);
#1691=PLANE('',#1955);
#1692=PLANE('',#1956);
#1693=PLANE('',#1957);
#1694=PLANE('',#1960);
#1695=PLANE('',#1963);
#1696=PLANE('',#1966);
#1697=PLANE('',#1969);
#1698=PLANE('',#1970);
#1699=ADVANCED_FACE('',(#129),#1635,.F.);
#1700=ADVANCED_FACE('',(#130),#1636,.F.);
#1701=ADVANCED_FACE('',(#131),#1637,.F.);
#1702=ADVANCED_FACE('',(#132),#1638,.F.);
#1703=ADVANCED_FACE('',(#133),#1639,.F.);
#1704=ADVANCED_FACE('',(#134),#1640,.F.);
#1705=ADVANCED_FACE('',(#135),#1641,.F.);
#1706=ADVANCED_FACE('',(#136),#1642,.F.);
#1707=ADVANCED_FACE('',(#137),#97,.T.);
#1708=ADVANCED_FACE('',(#138),#1643,.T.);
#1709=ADVANCED_FACE('',(#139),#98,.T.);
#1710=ADVANCED_FACE('',(#140),#1644,.T.);
#1711=ADVANCED_FACE('',(#141),#99,.T.);
#1712=ADVANCED_FACE('',(#142),#1645,.T.);
#1713=ADVANCED_FACE('',(#143),#100,.T.);
#1714=ADVANCED_FACE('',(#144),#1646,.T.);
#1715=ADVANCED_FACE('',(#145),#1647,.T.);
#1716=ADVANCED_FACE('',(#146),#1648,.T.);
#1717=ADVANCED_FACE('',(#147),#101,.F.);
#1718=ADVANCED_FACE('',(#148,#19),#1649,.T.);
#1719=ADVANCED_FACE('',(#149),#102,.F.);
#1720=ADVANCED_FACE('',(#150),#1650,.T.);
#1721=ADVANCED_FACE('',(#151),#103,.F.);
#1722=ADVANCED_FACE('',(#152,#20),#1651,.T.);
#1723=ADVANCED_FACE('',(#153),#104,.F.);
#1724=ADVANCED_FACE('',(#154,#21),#1652,.T.);
#1725=ADVANCED_FACE('',(#155),#1653,.T.);
#1726=ADVANCED_FACE('',(#156),#105,.T.);
#1727=ADVANCED_FACE('',(#157,#22),#1654,.T.);
#1728=ADVANCED_FACE('',(#158),#106,.T.);
#1729=ADVANCED_FACE('',(#159),#1655,.T.);
#1730=ADVANCED_FACE('',(#160),#107,.T.);
#1731=ADVANCED_FACE('',(#161,#23),#1656,.T.);
#1732=ADVANCED_FACE('',(#162),#108,.T.);
#1733=ADVANCED_FACE('',(#163),#1657,.T.);
#1734=ADVANCED_FACE('',(#164,#24),#1658,.F.);
#1735=ADVANCED_FACE('',(#165),#1659,.T.);
#1736=ADVANCED_FACE('',(#166),#1660,.T.);
#1737=ADVANCED_FACE('',(#167),#1661,.T.);
#1738=ADVANCED_FACE('',(#168),#1662,.T.);
#1739=ADVANCED_FACE('',(#169),#109,.T.);
#1740=ADVANCED_FACE('',(#170),#1663,.T.);
#1741=ADVANCED_FACE('',(#171),#110,.T.);
#1742=ADVANCED_FACE('',(#172),#1664,.T.);
#1743=ADVANCED_FACE('',(#173),#111,.T.);
#1744=ADVANCED_FACE('',(#174),#1665,.T.);
#1745=ADVANCED_FACE('',(#175),#112,.T.);
#1746=ADVANCED_FACE('',(#176),#1666,.T.);
#1747=ADVANCED_FACE('',(#177,#25),#1667,.T.);
#1748=ADVANCED_FACE('',(#178,#26),#1668,.F.);
#1749=ADVANCED_FACE('',(#179),#113,.T.);
#1750=ADVANCED_FACE('',(#180),#1669,.T.);
#1751=ADVANCED_FACE('',(#181),#114,.T.);
#1752=ADVANCED_FACE('',(#182),#1670,.T.);
#1753=ADVANCED_FACE('',(#183),#115,.T.);
#1754=ADVANCED_FACE('',(#184),#1671,.T.);
#1755=ADVANCED_FACE('',(#185),#116,.T.);
#1756=ADVANCED_FACE('',(#186),#1672,.T.);
#1757=ADVANCED_FACE('',(#187),#1673,.T.);
#1758=ADVANCED_FACE('',(#188),#1674,.F.);
#1759=ADVANCED_FACE('',(#189,#27),#1675,.T.);
#1760=ADVANCED_FACE('',(#190),#1676,.T.);
#1761=ADVANCED_FACE('',(#191),#117,.F.);
#1762=ADVANCED_FACE('',(#192,#28),#1677,.T.);
#1763=ADVANCED_FACE('',(#193),#118,.F.);
#1764=ADVANCED_FACE('',(#194),#1678,.T.);
#1765=ADVANCED_FACE('',(#195),#119,.T.);
#1766=ADVANCED_FACE('',(#196,#29),#1679,.T.);
#1767=ADVANCED_FACE('',(#197),#120,.T.);
#1768=ADVANCED_FACE('',(#198),#1680,.F.);
#1769=ADVANCED_FACE('',(#199),#1681,.F.);
#1770=ADVANCED_FACE('',(#200),#1682,.F.);
#1771=ADVANCED_FACE('',(#201),#1683,.F.);
#1772=ADVANCED_FACE('',(#202),#1684,.F.);
#1773=ADVANCED_FACE('',(#203),#1685,.F.);
#1774=ADVANCED_FACE('',(#204),#1686,.F.);
#1775=ADVANCED_FACE('',(#205),#1687,.F.);
#1776=ADVANCED_FACE('',(#206),#121,.T.);
#1777=ADVANCED_FACE('',(#207),#1688,.T.);
#1778=ADVANCED_FACE('',(#208),#122,.T.);
#1779=ADVANCED_FACE('',(#209),#1689,.T.);
#1780=ADVANCED_FACE('',(#210),#123,.T.);
#1781=ADVANCED_FACE('',(#211),#1690,.T.);
#1782=ADVANCED_FACE('',(#212),#124,.T.);
#1783=ADVANCED_FACE('',(#213),#1691,.T.);
#1784=ADVANCED_FACE('',(#214),#1692,.T.);
#1785=ADVANCED_FACE('',(#215),#1693,.T.);
#1786=ADVANCED_FACE('',(#216),#125,.F.);
#1787=ADVANCED_FACE('',(#217,#30),#1694,.T.);
#1788=ADVANCED_FACE('',(#218),#126,.F.);
#1789=ADVANCED_FACE('',(#219),#1695,.T.);
#1790=ADVANCED_FACE('',(#220),#127,.T.);
#1791=ADVANCED_FACE('',(#221,#31),#1696,.T.);
#1792=ADVANCED_FACE('',(#222),#128,.T.);
#1793=ADVANCED_FACE('',(#223),#1697,.T.);
#1794=ADVANCED_FACE('',(#224,#32),#1698,.F.);
#1795=CLOSED_SHELL('',(#1699,#1700,#1701,#1702,#1703,#1704,#1705,#1706,
#1707,#1708,#1709,#1710,#1711,#1712,#1713,#1714,#1715,#1716,#1717,#1718,
#1719,#1720,#1721,#1722,#1723,#1724,#1725,#1726,#1727,#1728,#1729,#1730,
#1731,#1732,#1733,#1734));
#1796=CLOSED_SHELL('',(#1735,#1736,#1737,#1738,#1739,#1740,#1741,#1742,
#1743,#1744,#1745,#1746,#1747,#1748,#1749,#1750,#1751,#1752,#1753,#1754,
#1755,#1756,#1757,#1758));
#1797=CLOSED_SHELL('',(#1759,#1760,#1761,#1762,#1763,#1764,#1765,#1766,
#1767,#1768,#1769,#1770,#1771,#1772,#1773,#1774,#1775,#1776,#1777,#1778,
#1779,#1780,#1781,#1782,#1783,#1784,#1785,#1786,#1787,#1788,#1789,#1790,
#1791,#1792,#1793,#1794));
#1798=DERIVED_UNIT_ELEMENT(#1800,1.);
#1799=DERIVED_UNIT_ELEMENT(#3003,-3.);
#1800=(
MASS_UNIT()
NAMED_UNIT(*)
SI_UNIT(.KILO.,.GRAM.)
);
#1801=DERIVED_UNIT((#1798,#1799));
#1802=MEASURE_REPRESENTATION_ITEM('density measure',
POSITIVE_RATIO_MEASURE(7850.),#1801);
#1803=PROPERTY_DEFINITION_REPRESENTATION(#1808,#1805);
#1804=PROPERTY_DEFINITION_REPRESENTATION(#1809,#1806);
#1805=REPRESENTATION('material name',(#1807),#3000);
#1806=REPRESENTATION('density',(#1802),#3000);
#1807=DESCRIPTIVE_REPRESENTATION_ITEM('Steel','Steel');
#1808=PROPERTY_DEFINITION('material property','material name',#3010);
#1809=PROPERTY_DEFINITION('material property','density of part',#3010);
#1810=AXIS2_PLACEMENT_3D('',#2481,#1971,#1972);
#1811=AXIS2_PLACEMENT_3D('',#2482,#1973,#1974);
#1812=AXIS2_PLACEMENT_3D('',#2491,#1979,#1980);
#1813=AXIS2_PLACEMENT_3D('',#2500,#1985,#1986);
#1814=AXIS2_PLACEMENT_3D('',#2506,#1990,#1991);
#1815=AXIS2_PLACEMENT_3D('',#2512,#1995,#1996);
#1816=AXIS2_PLACEMENT_3D('',#2518,#2000,#2001);
#1817=AXIS2_PLACEMENT_3D('',#2521,#2004,#2005);
#1818=AXIS2_PLACEMENT_3D('',#2527,#2009,#2010);
#1819=AXIS2_PLACEMENT_3D('',#2530,#2013,#2014);
#1820=AXIS2_PLACEMENT_3D('',#2533,#2015,#2016);
#1821=AXIS2_PLACEMENT_3D('',#2537,#2018,#2019);
#1822=AXIS2_PLACEMENT_3D('',#2539,#2021,#2022);
#1823=AXIS2_PLACEMENT_3D('',#2545,#2026,#2027);
#1824=AXIS2_PLACEMENT_3D('',#2547,#2028,#2029);
#1825=AXIS2_PLACEMENT_3D('',#2549,#2030,#2031);
#1826=AXIS2_PLACEMENT_3D('',#2551,#2033,#2034);
#1827=AXIS2_PLACEMENT_3D('',#2557,#2038,#2039);
#1828=AXIS2_PLACEMENT_3D('',#2559,#2040,#2041);
#1829=AXIS2_PLACEMENT_3D('',#2561,#2042,#2043);
#1830=AXIS2_PLACEMENT_3D('',#2563,#2045,#2046);
#1831=AXIS2_PLACEMENT_3D('',#2569,#2050,#2051);
#1832=AXIS2_PLACEMENT_3D('',#2571,#2052,#2053);
#1833=AXIS2_PLACEMENT_3D('',#2573,#2054,#2055);
#1834=AXIS2_PLACEMENT_3D('',#2575,#2057,#2058);
#1835=AXIS2_PLACEMENT_3D('',#2578,#2061,#2062);
#1836=AXIS2_PLACEMENT_3D('',#2579,#2063,#2064);
#1837=AXIS2_PLACEMENT_3D('',#2588,#2069,#2070);
#1838=AXIS2_PLACEMENT_3D('',#2590,#2071,#2072);
#1839=AXIS2_PLACEMENT_3D('',#2592,#2073,#2074);
#1840=AXIS2_PLACEMENT_3D('',#2594,#2076,#2077);
#1841=AXIS2_PLACEMENT_3D('',#2600,#2081,#2082);
#1842=AXIS2_PLACEMENT_3D('',#2602,#2083,#2084);
#1843=AXIS2_PLACEMENT_3D('',#2604,#2085,#2086);
#1844=AXIS2_PLACEMENT_3D('',#2606,#2088,#2089);
#1845=AXIS2_PLACEMENT_3D('',#2612,#2093,#2094);
#1846=AXIS2_PLACEMENT_3D('',#2614,#2095,#2096);
#1847=AXIS2_PLACEMENT_3D('',#2616,#2097,#2098);
#1848=AXIS2_PLACEMENT_3D('',#2618,#2100,#2101);
#1849=AXIS2_PLACEMENT_3D('',#2624,#2105,#2106);
#1850=AXIS2_PLACEMENT_3D('',#2625,#2107,#2108);
#1851=AXIS2_PLACEMENT_3D('',#2626,#2109,#2110);
#1852=AXIS2_PLACEMENT_3D('',#2627,#2111,#2112);
#1853=AXIS2_PLACEMENT_3D('',#2630,#2113,#2114);
#1854=AXIS2_PLACEMENT_3D('',#2634,#2116,#2117);
#1855=AXIS2_PLACEMENT_3D('',#2638,#2119,#2120);
#1856=AXIS2_PLACEMENT_3D('',#2642,#2122,#2123);
#1857=AXIS2_PLACEMENT_3D('',#2644,#2125,#2126);
#1858=AXIS2_PLACEMENT_3D('',#2650,#2130,#2131);
#1859=AXIS2_PLACEMENT_3D('',#2652,#2132,#2133);
#1860=AXIS2_PLACEMENT_3D('',#2654,#2135,#2136);
#1861=AXIS2_PLACEMENT_3D('',#2658,#2139,#2140);
#1862=AXIS2_PLACEMENT_3D('',#2660,#2141,#2142);
#1863=AXIS2_PLACEMENT_3D('',#2662,#2144,#2145);
#1864=AXIS2_PLACEMENT_3D('',#2666,#2148,#2149);
#1865=AXIS2_PLACEMENT_3D('',#2668,#2150,#2151);
#1866=AXIS2_PLACEMENT_3D('',#2670,#2153,#2154);
#1867=AXIS2_PLACEMENT_3D('',#2674,#2157,#2158);
#1868=AXIS2_PLACEMENT_3D('',#2675,#2159,#2160);
#1869=AXIS2_PLACEMENT_3D('',#2676,#2161,#2162);
#1870=AXIS2_PLACEMENT_3D('',#2677,#2163,#2164);
#1871=AXIS2_PLACEMENT_3D('',#2678,#2165,#2166);
#1872=AXIS2_PLACEMENT_3D('',#2687,#2171,#2172);
#1873=AXIS2_PLACEMENT_3D('',#2693,#2176,#2177);
#1874=AXIS2_PLACEMENT_3D('',#2699,#2181,#2182);
#1875=AXIS2_PLACEMENT_3D('',#2702,#2185,#2186);
#1876=AXIS2_PLACEMENT_3D('',#2705,#2187,#2188);
#1877=AXIS2_PLACEMENT_3D('',#2709,#2190,#2191);
#1878=AXIS2_PLACEMENT_3D('',#2711,#2193,#2194);
#1879=AXIS2_PLACEMENT_3D('',#2717,#2198,#2199);
#1880=AXIS2_PLACEMENT_3D('',#2719,#2200,#2201);
#1881=AXIS2_PLACEMENT_3D('',#2721,#2202,#2203);
#1882=AXIS2_PLACEMENT_3D('',#2723,#2205,#2206);
#1883=AXIS2_PLACEMENT_3D('',#2729,#2210,#2211);
#1884=AXIS2_PLACEMENT_3D('',#2731,#2212,#2213);
#1885=AXIS2_PLACEMENT_3D('',#2733,#2214,#2215);
#1886=AXIS2_PLACEMENT_3D('',#2735,#2217,#2218);
#1887=AXIS2_PLACEMENT_3D('',#2741,#2222,#2223);
#1888=AXIS2_PLACEMENT_3D('',#2743,#2224,#2225);
#1889=AXIS2_PLACEMENT_3D('',#2745,#2226,#2227);
#1890=AXIS2_PLACEMENT_3D('',#2747,#2229,#2230);
#1891=AXIS2_PLACEMENT_3D('',#2750,#2233,#2234);
#1892=AXIS2_PLACEMENT_3D('',#2751,#2235,#2236);
#1893=AXIS2_PLACEMENT_3D('',#2756,#2238,#2239);
#1894=AXIS2_PLACEMENT_3D('',#2760,#2241,#2242);
#1895=AXIS2_PLACEMENT_3D('',#2764,#2244,#2245);
#1896=AXIS2_PLACEMENT_3D('',#2767,#2247,#2248);
#1897=AXIS2_PLACEMENT_3D('',#2768,#2249,#2250);
#1898=AXIS2_PLACEMENT_3D('',#2772,#2252,#2253);
#1899=AXIS2_PLACEMENT_3D('',#2774,#2255,#2256);
#1900=AXIS2_PLACEMENT_3D('',#2778,#2259,#2260);
#1901=AXIS2_PLACEMENT_3D('',#2780,#2261,#2262);
#1902=AXIS2_PLACEMENT_3D('',#2782,#2264,#2265);
#1903=AXIS2_PLACEMENT_3D('',#2786,#2268,#2269);
#1904=AXIS2_PLACEMENT_3D('',#2788,#2270,#2271);
#1905=AXIS2_PLACEMENT_3D('',#2790,#2273,#2274);
#1906=AXIS2_PLACEMENT_3D('',#2794,#2277,#2278);
#1907=AXIS2_PLACEMENT_3D('',#2796,#2279,#2280);
#1908=AXIS2_PLACEMENT_3D('',#2798,#2282,#2283);
#1909=AXIS2_PLACEMENT_3D('',#2800,#2285,#2286);
#1910=AXIS2_PLACEMENT_3D('',#2801,#2287,#2288);
#1911=AXIS2_PLACEMENT_3D('',#2802,#2289,#2290);
#1912=AXIS2_PLACEMENT_3D('',#2805,#2291,#2292);
#1913=AXIS2_PLACEMENT_3D('',#2809,#2294,#2295);
#1914=AXIS2_PLACEMENT_3D('',#2813,#2297,#2298);
#1915=AXIS2_PLACEMENT_3D('',#2817,#2300,#2301);
#1916=AXIS2_PLACEMENT_3D('',#2821,#2303,#2304);
#1917=AXIS2_PLACEMENT_3D('',#2825,#2306,#2307);
#1918=AXIS2_PLACEMENT_3D('',#2829,#2309,#2310);
#1919=AXIS2_PLACEMENT_3D('',#2833,#2312,#2313);
#1920=AXIS2_PLACEMENT_3D('',#2835,#2315,#2316);
#1921=AXIS2_PLACEMENT_3D('',#2841,#2320,#2321);
#1922=AXIS2_PLACEMENT_3D('',#2844,#2323,#2324);
#1923=AXIS2_PLACEMENT_3D('',#2845,#2325,#2326);
#1924=AXIS2_PLACEMENT_3D('',#2857,#2333,#2334);
#1925=AXIS2_PLACEMENT_3D('',#2860,#2336,#2337);
#1926=AXIS2_PLACEMENT_3D('',#2861,#2338,#2339);
#1927=AXIS2_PLACEMENT_3D('',#2867,#2343,#2344);
#1928=AXIS2_PLACEMENT_3D('',#2870,#2346,#2347);
#1929=AXIS2_PLACEMENT_3D('',#2871,#2348,#2349);
#1930=AXIS2_PLACEMENT_3D('',#2883,#2356,#2357);
#1931=AXIS2_PLACEMENT_3D('',#2886,#2359,#2360);
#1932=AXIS2_PLACEMENT_3D('',#2887,#2361,#2362);
#1933=AXIS2_PLACEMENT_3D('',#2893,#2366,#2367);
#1934=AXIS2_PLACEMENT_3D('',#2899,#2371,#2372);
#1935=AXIS2_PLACEMENT_3D('',#2903,#2375,#2376);
#1936=AXIS2_PLACEMENT_3D('',#2907,#2379,#2380);
#1937=AXIS2_PLACEMENT_3D('',#2911,#2383,#2384);
#1938=AXIS2_PLACEMENT_3D('',#2913,#2386,#2387);
#1939=AXIS2_PLACEMENT_3D('',#2917,#2390,#2391);
#1940=AXIS2_PLACEMENT_3D('',#2919,#2393,#2394);
#1941=AXIS2_PLACEMENT_3D('',#2922,#2395,#2396);
#1942=AXIS2_PLACEMENT_3D('',#2926,#2398,#2399);
#1943=AXIS2_PLACEMENT_3D('',#2928,#2401,#2402);
#1944=AXIS2_PLACEMENT_3D('',#2934,#2406,#2407);
#1945=AXIS2_PLACEMENT_3D('',#2936,#2408,#2409);
#1946=AXIS2_PLACEMENT_3D('',#2938,#2410,#2411);
#1947=AXIS2_PLACEMENT_3D('',#2940,#2413,#2414);
#1948=AXIS2_PLACEMENT_3D('',#2946,#2418,#2419);
#1949=AXIS2_PLACEMENT_3D('',#2948,#2420,#2421);
#1950=AXIS2_PLACEMENT_3D('',#2950,#2422,#2423);
#1951=AXIS2_PLACEMENT_3D('',#2952,#2425,#2426);
#1952=AXIS2_PLACEMENT_3D('',#2958,#2430,#2431);
#1953=AXIS2_PLACEMENT_3D('',#2960,#2432,#2433);
#1954=AXIS2_PLACEMENT_3D('',#2962,#2434,#2435);
#1955=AXIS2_PLACEMENT_3D('',#2964,#2437,#2438);
#1956=AXIS2_PLACEMENT_3D('',#2967,#2441,#2442);
#1957=AXIS2_PLACEMENT_3D('',#2968,#2443,#2444);
#1958=AXIS2_PLACEMENT_3D('',#2972,#2447,#2448);
#1959=AXIS2_PLACEMENT_3D('',#2975,#2450,#2451);
#1960=AXIS2_PLACEMENT_3D('',#2976,#2452,#2453);
#1961=AXIS2_PLACEMENT_3D('',#2980,#2456,#2457);
#1962=AXIS2_PLACEMENT_3D('',#2981,#2458,#2459);
#1963=AXIS2_PLACEMENT_3D('',#2982,#2460,#2461);
#1964=AXIS2_PLACEMENT_3D('',#2986,#2464,#2465);
#1965=AXIS2_PLACEMENT_3D('',#2988,#2466,#2467);
#1966=AXIS2_PLACEMENT_3D('',#2990,#2469,#2470);
#1967=AXIS2_PLACEMENT_3D('',#2994,#2473,#2474);
#1968=AXIS2_PLACEMENT_3D('',#2995,#2475,#2476);
#1969=AXIS2_PLACEMENT_3D('',#2996,#2477,#2478);
#1970=AXIS2_PLACEMENT_3D('',#2997,#2479,#2480);
#1971=DIRECTION('axis',(0.,0.,1.));
#1972=DIRECTION('refdir',(1.,0.,0.));
#1973=DIRECTION('center_axis',(-1.,0.,0.));
#1974=DIRECTION('ref_axis',(0.,0.,-1.));
#1975=DIRECTION('',(0.,0.,1.));
#1976=DIRECTION('',(0.,-1.,0.));
#1977=DIRECTION('',(0.,0.,-1.));
#1978=DIRECTION('',(0.,-1.,0.));
#1979=DIRECTION('center_axis',(-1.,0.,0.));
#1980=DIRECTION('ref_axis',(0.,0.,-1.));
#1981=DIRECTION('',(0.,0.,-1.));
#1982=DIRECTION('',(0.,-1.,0.));
#1983=DIRECTION('',(0.,0.,1.));
#1984=DIRECTION('',(0.,-1.,0.));
#1985=DIRECTION('center_axis',(-3.70074341541719E-17,0.,-1.));
#1986=DIRECTION('ref_axis',(1.,0.,-3.70074341541719E-17));
#1987=DIRECTION('',(-1.,2.46716227694479E-16,3.70074341541719E-17));
#1988=DIRECTION('',(0.,-1.,0.));
#1989=DIRECTION('',(1.,-2.46716227694479E-16,-3.70074341541719E-17));
#1990=DIRECTION('center_axis',(-3.70074341541719E-17,0.,-1.));
#1991=DIRECTION('ref_axis',(1.,0.,-3.70074341541719E-17));
#1992=DIRECTION('',(1.,0.,-3.70074341541719E-17));
#1993=DIRECTION('',(-1.,0.,3.70074341541719E-17));
#1994=DIRECTION('',(0.,-1.,0.));
#1995=DIRECTION('center_axis',(0.,0.,1.));
#1996=DIRECTION('ref_axis',(-1.,0.,0.));
#1997=DIRECTION('',(1.,-2.46716227694479E-16,0.));
#1998=DIRECTION('',(-1.,2.46716227694479E-16,0.));
#1999=DIRECTION('',(0.,-1.,0.));
#2000=DIRECTION('center_axis',(1.,0.,0.));
#2001=DIRECTION('ref_axis',(0.,0.,1.));
#2002=DIRECTION('',(0.,0.,-1.));
#2003=DIRECTION('',(0.,0.,1.));
#2004=DIRECTION('center_axis',(1.,0.,0.));
#2005=DIRECTION('ref_axis',(0.,0.,1.));
#2006=DIRECTION('',(0.,0.,1.));
#2007=DIRECTION('',(0.,0.,-1.));
#2008=DIRECTION('',(0.,-1.,0.));
#2009=DIRECTION('center_axis',(0.,0.,1.));
#2010=DIRECTION('ref_axis',(-1.,0.,0.));
#2011=DIRECTION('',(-1.,0.,0.));
#2012=DIRECTION('',(1.,0.,0.));
#2013=DIRECTION('center_axis',(0.,0.,-1.));
#2014=DIRECTION('ref_axis',(-1.,-8.8817841970012E-15,0.));
#2015=DIRECTION('center_axis',(0.,0.,-1.));
#2016=DIRECTION('ref_axis',(-1.,-8.8817841970012E-15,0.));
#2017=DIRECTION('',(0.,0.,-1.));
#2018=DIRECTION('center_axis',(0.,0.,1.));
#2019=DIRECTION('ref_axis',(-1.,-8.8817841970012E-15,0.));
#2020=DIRECTION('',(0.,0.,-1.));
#2021=DIRECTION('center_axis',(0.,-1.,0.));
#2022=DIRECTION('ref_axis',(-1.,0.,0.));
#2023=DIRECTION('',(-1.,0.,0.));
#2024=DIRECTION('',(1.,0.,0.));
#2025=DIRECTION('',(0.,0.,-1.));
#2026=DIRECTION('center_axis',(0.,0.,-1.));
#2027=DIRECTION('ref_axis',(0.,-1.,0.));
#2028=DIRECTION('center_axis',(0.,0.,-1.));
#2029=DIRECTION('ref_axis',(0.,-1.,0.));
#2030=DIRECTION('center_axis',(0.,0.,1.));
#2031=DIRECTION('ref_axis',(0.,-1.,0.));
#2032=DIRECTION('',(0.,0.,-1.));
#2033=DIRECTION('center_axis',(1.,0.,0.));
#2034=DIRECTION('ref_axis',(0.,-1.,0.));
#2035=DIRECTION('',(0.,-1.,0.));
#2036=DIRECTION('',(0.,1.,0.));
#2037=DIRECTION('',(0.,0.,-1.));
#2038=DIRECTION('center_axis',(0.,0.,-1.));
#2039=DIRECTION('ref_axis',(1.,0.,0.));
#2040=DIRECTION('center_axis',(0.,0.,-1.));
#2041=DIRECTION('ref_axis',(1.,0.,0.));
#2042=DIRECTION('center_axis',(0.,0.,1.));
#2043=DIRECTION('ref_axis',(1.,0.,0.));
#2044=DIRECTION('',(0.,0.,-1.));
#2045=DIRECTION('center_axis',(2.46716227694479E-16,1.,0.));
#2046=DIRECTION('ref_axis',(1.,-2.46716227694479E-16,0.));
#2047=DIRECTION('',(1.,-2.46716227694479E-16,0.));
#2048=DIRECTION('',(-1.,2.46716227694479E-16,0.));
#2049=DIRECTION('',(0.,0.,-1.));
#2050=DIRECTION('center_axis',(0.,0.,-1.));
#2051=DIRECTION('ref_axis',(-2.2204460492503E-15,1.,0.));
#2052=DIRECTION('center_axis',(0.,0.,-1.));
#2053=DIRECTION('ref_axis',(-2.2204460492503E-15,1.,0.));
#2054=DIRECTION('center_axis',(0.,0.,1.));
#2055=DIRECTION('ref_axis',(-2.2204460492503E-15,1.,0.));
#2056=DIRECTION('',(0.,0.,-1.));
#2057=DIRECTION('center_axis',(-1.,-2.31296463463574E-17,0.));
#2058=DIRECTION('ref_axis',(-2.31296463463574E-17,1.,0.));
#2059=DIRECTION('',(-2.31296463463574E-17,1.,0.));
#2060=DIRECTION('',(2.31296463463574E-17,-1.,0.));
#2061=DIRECTION('center_axis',(0.,0.,-1.));
#2062=DIRECTION('ref_axis',(-1.,0.,0.));
#2063=DIRECTION('center_axis',(1.,2.31296463463574E-17,0.));
#2064=DIRECTION('ref_axis',(-2.31296463463574E-17,1.,0.));
#2065=DIRECTION('',(2.31296463463574E-17,-1.,0.));
#2066=DIRECTION('',(0.,0.,1.));
#2067=DIRECTION('',(-2.31296463463574E-17,1.,0.));
#2068=DIRECTION('',(0.,0.,1.));
#2069=DIRECTION('center_axis',(0.,0.,1.));
#2070=DIRECTION('ref_axis',(-1.,-8.8817841970012E-15,0.));
#2071=DIRECTION('center_axis',(0.,0.,1.));
#2072=DIRECTION('ref_axis',(-1.,-8.8817841970012E-15,0.));
#2073=DIRECTION('center_axis',(0.,0.,-1.));
#2074=DIRECTION('ref_axis',(-1.,-8.8817841970012E-15,0.));
#2075=DIRECTION('',(0.,0.,1.));
#2076=DIRECTION('center_axis',(0.,1.,0.));
#2077=DIRECTION('ref_axis',(-1.,0.,0.));
#2078=DIRECTION('',(1.,0.,0.));
#2079=DIRECTION('',(-1.,0.,0.));
#2080=DIRECTION('',(0.,0.,1.));
#2081=DIRECTION('center_axis',(0.,0.,1.));
#2082=DIRECTION('ref_axis',(0.,-1.,0.));
#2083=DIRECTION('center_axis',(0.,0.,1.));
#2084=DIRECTION('ref_axis',(0.,-1.,0.));
#2085=DIRECTION('center_axis',(0.,0.,-1.));
#2086=DIRECTION('ref_axis',(0.,-1.,0.));
#2087=DIRECTION('',(0.,0.,1.));
#2088=DIRECTION('center_axis',(-1.,0.,0.));
#2089=DIRECTION('ref_axis',(0.,-1.,0.));
#2090=DIRECTION('',(0.,1.,0.));
#2091=DIRECTION('',(0.,-1.,0.));
#2092=DIRECTION('',(0.,0.,1.));
#2093=DIRECTION('center_axis',(0.,0.,1.));
#2094=DIRECTION('ref_axis',(1.,0.,0.));
#2095=DIRECTION('center_axis',(0.,0.,1.));
#2096=DIRECTION('ref_axis',(1.,0.,0.));
#2097=DIRECTION('center_axis',(0.,0.,-1.));
#2098=DIRECTION('ref_axis',(1.,0.,0.));
#2099=DIRECTION('',(0.,0.,1.));
#2100=DIRECTION('center_axis',(-2.46716227694479E-16,-1.,0.));
#2101=DIRECTION('ref_axis',(1.,-2.46716227694479E-16,0.));
#2102=DIRECTION('',(-1.,2.46716227694479E-16,0.));
#2103=DIRECTION('',(1.,-2.46716227694479E-16,0.));
#2104=DIRECTION('',(0.,0.,1.));
#2105=DIRECTION('center_axis',(0.,0.,1.));
#2106=DIRECTION('ref_axis',(-2.2204460492503E-15,1.,0.));
#2107=DIRECTION('center_axis',(0.,0.,1.));
#2108=DIRECTION('ref_axis',(-2.2204460492503E-15,1.,0.));
#2109=DIRECTION('center_axis',(0.,0.,-1.));
#2110=DIRECTION('ref_axis',(-2.2204460492503E-15,1.,0.));
#2111=DIRECTION('center_axis',(0.,0.,1.));
#2112=DIRECTION('ref_axis',(1.,0.,0.));
#2113=DIRECTION('center_axis',(0.,0.,1.));
#2114=DIRECTION('ref_axis',(-1.11022302462515E-15,1.,0.));
#2115=DIRECTION('',(1.38777878078145E-16,-1.,0.));
#2116=DIRECTION('center_axis',(0.,0.,1.));
#2117=DIRECTION('ref_axis',(-1.,-4.44089209850061E-15,0.));
#2118=DIRECTION('',(1.,0.,0.));
#2119=DIRECTION('center_axis',(0.,0.,1.));
#2120=DIRECTION('ref_axis',(0.,-1.,0.));
#2121=DIRECTION('',(0.,1.,0.));
#2122=DIRECTION('center_axis',(0.,0.,1.));
#2123=DIRECTION('ref_axis',(1.,0.,0.));
#2124=DIRECTION('',(-1.,2.46716227694479E-16,0.));
#2125=DIRECTION('center_axis',(-1.,-1.38777878078145E-16,0.));
#2126=DIRECTION('ref_axis',(-1.38777878078145E-16,1.,0.));
#2127=DIRECTION('',(0.,0.,1.));
#2128=DIRECTION('',(-1.38777878078145E-16,1.,0.));
#2129=DIRECTION('',(0.,0.,1.));
#2130=DIRECTION('center_axis',(0.,0.,-1.));
#2131=DIRECTION('ref_axis',(-1.,-4.44089209850061E-15,0.));
#2132=DIRECTION('center_axis',(0.,0.,-1.));
#2133=DIRECTION('ref_axis',(-1.,-4.44089209850061E-15,0.));
#2134=DIRECTION('',(0.,0.,1.));
#2135=DIRECTION('center_axis',(0.,-1.,0.));
#2136=DIRECTION('ref_axis',(-1.,0.,0.));
#2137=DIRECTION('',(-1.,0.,0.));
#2138=DIRECTION('',(0.,0.,1.));
#2139=DIRECTION('center_axis',(0.,0.,-1.));
#2140=DIRECTION('ref_axis',(0.,-1.,0.));
#2141=DIRECTION('center_axis',(0.,0.,-1.));
#2142=DIRECTION('ref_axis',(0.,-1.,0.));
#2143=DIRECTION('',(0.,0.,1.));
#2144=DIRECTION('center_axis',(1.,0.,0.));
#2145=DIRECTION('ref_axis',(0.,-1.,0.));
#2146=DIRECTION('',(0.,-1.,0.));
#2147=DIRECTION('',(0.,0.,1.));
#2148=DIRECTION('center_axis',(0.,0.,-1.));
#2149=DIRECTION('ref_axis',(1.,0.,0.));
#2150=DIRECTION('center_axis',(0.,0.,-1.));
#2151=DIRECTION('ref_axis',(1.,0.,0.));
#2152=DIRECTION('',(0.,0.,1.));
#2153=DIRECTION('center_axis',(2.46716227694479E-16,1.,0.));
#2154=DIRECTION('ref_axis',(1.,-2.46716227694479E-16,0.));
#2155=DIRECTION('',(1.,-2.46716227694479E-16,0.));
#2156=DIRECTION('',(0.,0.,-1.));
#2157=DIRECTION('center_axis',(0.,0.,-1.));
#2158=DIRECTION('ref_axis',(-1.11022302462515E-15,1.,0.));
#2159=DIRECTION('center_axis',(0.,0.,-1.));
#2160=DIRECTION('ref_axis',(-1.11022302462515E-15,1.,0.));
#2161=DIRECTION('center_axis',(0.,0.,1.));
#2162=DIRECTION('ref_axis',(1.,0.,0.));
#2163=DIRECTION('center_axis',(0.,0.,1.));
#2164=DIRECTION('ref_axis',(1.,0.,0.));
#2165=DIRECTION('center_axis',(0.,-1.,0.));
#2166=DIRECTION('ref_axis',(-1.,0.,0.));
#2167=DIRECTION('',(1.,0.,0.));
#2168=DIRECTION('',(0.,0.,-1.));
#2169=DIRECTION('',(-1.,0.,0.));
#2170=DIRECTION('',(0.,0.,-1.));
#2171=DIRECTION('center_axis',(-1.,2.31296463463574E-17,0.));
#2172=DIRECTION('ref_axis',(2.31296463463574E-17,1.,0.));
#2173=DIRECTION('',(-2.31296463463574E-17,-1.,0.));
#2174=DIRECTION('',(2.31296463463574E-17,1.,0.));
#2175=DIRECTION('',(0.,0.,-1.));
#2176=DIRECTION('center_axis',(2.46716227694479E-16,1.,0.));
#2177=DIRECTION('ref_axis',(1.,-2.46716227694479E-16,0.));
#2178=DIRECTION('',(-1.,2.46716227694479E-16,0.));
#2179=DIRECTION('',(1.,-2.46716227694479E-16,0.));
#2180=DIRECTION('',(0.,0.,-1.));
#2181=DIRECTION('center_axis',(1.,1.38777878078145E-16,0.));
#2182=DIRECTION('ref_axis',(1.38777878078145E-16,-1.,0.));
#2183=DIRECTION('',(-1.38777878078145E-16,1.,0.));
#2184=DIRECTION('',(1.38777878078145E-16,-1.,0.));
#2185=DIRECTION('center_axis',(0.,0.,-1.));
#2186=DIRECTION('ref_axis',(-2.2204460492503E-15,1.,0.));
#2187=DIRECTION('center_axis',(0.,0.,-1.));
#2188=DIRECTION('ref_axis',(-2.2204460492503E-15,1.,0.));
#2189=DIRECTION('',(0.,0.,-1.));
#2190=DIRECTION('center_axis',(0.,0.,1.));
#2191=DIRECTION('ref_axis',(-2.2204460492503E-15,1.,0.));
#2192=DIRECTION('',(0.,0.,-1.));
#2193=DIRECTION('center_axis',(-1.,-2.31296463463574E-17,0.));
#2194=DIRECTION('ref_axis',(-2.31296463463574E-17,1.,0.));
#2195=DIRECTION('',(-2.31296463463574E-17,1.,0.));
#2196=DIRECTION('',(2.31296463463574E-17,-1.,0.));
#2197=DIRECTION('',(0.,0.,-1.));
#2198=DIRECTION('center_axis',(0.,0.,-1.));
#2199=DIRECTION('ref_axis',(-1.,-8.8817841970012E-15,0.));
#2200=DIRECTION('center_axis',(0.,0.,-1.));
#2201=DIRECTION('ref_axis',(-1.,-8.8817841970012E-15,0.));
#2202=DIRECTION('center_axis',(0.,0.,1.));
#2203=DIRECTION('ref_axis',(-1.,-8.8817841970012E-15,0.));
#2204=DIRECTION('',(0.,0.,-1.));
#2205=DIRECTION('center_axis',(0.,-1.,0.));
#2206=DIRECTION('ref_axis',(-1.,0.,0.));
#2207=DIRECTION('',(-1.,0.,0.));
#2208=DIRECTION('',(1.,0.,0.));
#2209=DIRECTION('',(0.,0.,-1.));
#2210=DIRECTION('center_axis',(0.,0.,-1.));
#2211=DIRECTION('ref_axis',(0.,-1.,0.));
#2212=DIRECTION('center_axis',(0.,0.,-1.));
#2213=DIRECTION('ref_axis',(0.,-1.,0.));
#2214=DIRECTION('center_axis',(0.,0.,1.));
#2215=DIRECTION('ref_axis',(0.,-1.,0.));
#2216=DIRECTION('',(0.,0.,-1.));
#2217=DIRECTION('center_axis',(1.,0.,0.));
#2218=DIRECTION('ref_axis',(0.,-1.,0.));
#2219=DIRECTION('',(0.,-1.,0.));
#2220=DIRECTION('',(0.,1.,0.));
#2221=DIRECTION('',(0.,0.,-1.));
#2222=DIRECTION('center_axis',(0.,0.,-1.));
#2223=DIRECTION('ref_axis',(1.,0.,0.));
#2224=DIRECTION('center_axis',(0.,0.,-1.));
#2225=DIRECTION('ref_axis',(1.,0.,0.));
#2226=DIRECTION('center_axis',(0.,0.,1.));
#2227=DIRECTION('ref_axis',(1.,0.,0.));
#2228=DIRECTION('',(0.,0.,-1.));
#2229=DIRECTION('center_axis',(2.46716227694479E-16,1.,0.));
#2230=DIRECTION('ref_axis',(1.,-2.46716227694479E-16,0.));
#2231=DIRECTION('',(1.,-2.46716227694479E-16,0.));
#2232=DIRECTION('',(-1.,2.46716227694479E-16,0.));
#2233=DIRECTION('center_axis',(0.,0.,-1.));
#2234=DIRECTION('ref_axis',(-1.,0.,0.));
#2235=DIRECTION('center_axis',(0.,0.,1.));
#2236=DIRECTION('ref_axis',(1.,0.,0.));
#2237=DIRECTION('',(1.,-2.46716227694479E-16,0.));
#2238=DIRECTION('center_axis',(0.,0.,-1.));
#2239=DIRECTION('ref_axis',(1.,0.,0.));
#2240=DIRECTION('',(0.,-1.,0.));
#2241=DIRECTION('center_axis',(0.,0.,-1.));
#2242=DIRECTION('ref_axis',(0.,-1.,0.));
#2243=DIRECTION('',(-1.,0.,0.));
#2244=DIRECTION('center_axis',(0.,0.,-1.));
#2245=DIRECTION('ref_axis',(-1.,-4.44089209850061E-15,0.));
#2246=DIRECTION('',(-1.38777878078145E-16,1.,0.));
#2247=DIRECTION('center_axis',(0.,0.,-1.));
#2248=DIRECTION('ref_axis',(-1.11022302462515E-15,1.,0.));
#2249=DIRECTION('center_axis',(0.,0.,1.));
#2250=DIRECTION('ref_axis',(1.,0.,0.));
#2251=DIRECTION('',(0.,0.,1.));
#2252=DIRECTION('center_axis',(0.,0.,1.));
#2253=DIRECTION('ref_axis',(1.,0.,0.));
#2254=DIRECTION('',(0.,0.,1.));
#2255=DIRECTION('center_axis',(1.,0.,0.));
#2256=DIRECTION('ref_axis',(0.,1.,0.));
#2257=DIRECTION('',(0.,1.,0.));
#2258=DIRECTION('',(0.,0.,1.));
#2259=DIRECTION('center_axis',(0.,0.,1.));
#2260=DIRECTION('ref_axis',(0.,-1.,0.));
#2261=DIRECTION('center_axis',(0.,0.,1.));
#2262=DIRECTION('ref_axis',(0.,-1.,0.));
#2263=DIRECTION('',(0.,0.,1.));
#2264=DIRECTION('center_axis',(0.,-1.,0.));
#2265=DIRECTION('ref_axis',(1.,0.,0.));
#2266=DIRECTION('',(1.,0.,0.));
#2267=DIRECTION('',(0.,0.,1.));
#2268=DIRECTION('center_axis',(0.,0.,1.));
#2269=DIRECTION('ref_axis',(-1.,-4.44089209850061E-15,0.));
#2270=DIRECTION('center_axis',(0.,0.,1.));
#2271=DIRECTION('ref_axis',(-1.,-4.44089209850061E-15,0.));
#2272=DIRECTION('',(0.,0.,1.));
#2273=DIRECTION('center_axis',(-1.,-1.38777878078145E-16,0.));
#2274=DIRECTION('ref_axis',(1.38777878078145E-16,-1.,0.));
#2275=DIRECTION('',(1.38777878078145E-16,-1.,0.));
#2276=DIRECTION('',(0.,0.,1.));
#2277=DIRECTION('center_axis',(0.,0.,1.));
#2278=DIRECTION('ref_axis',(-1.11022302462515E-15,1.,0.));
#2279=DIRECTION('center_axis',(0.,0.,1.));
#2280=DIRECTION('ref_axis',(-1.11022302462515E-15,1.,0.));
#2281=DIRECTION('',(0.,0.,1.));
#2282=DIRECTION('center_axis',(2.46716227694479E-16,1.,0.));
#2283=DIRECTION('ref_axis',(-1.,2.46716227694479E-16,0.));
#2284=DIRECTION('',(-1.,2.46716227694479E-16,0.));
#2285=DIRECTION('center_axis',(0.,0.,1.));
#2286=DIRECTION('ref_axis',(1.,0.,0.));
#2287=DIRECTION('center_axis',(0.,0.,1.));
#2288=DIRECTION('ref_axis',(1.,0.,0.));
#2289=DIRECTION('center_axis',(0.,0.,1.));
#2290=DIRECTION('ref_axis',(1.,0.,0.));
#2291=DIRECTION('center_axis',(0.,0.,-1.));
#2292=DIRECTION('ref_axis',(-1.11022302462515E-15,1.,0.));
#2293=DIRECTION('',(-1.38777878078145E-16,1.,0.));
#2294=DIRECTION('center_axis',(0.,0.,-1.));
#2295=DIRECTION('ref_axis',(-1.,-4.44089209850061E-15,0.));
#2296=DIRECTION('',(-1.,0.,0.));
#2297=DIRECTION('center_axis',(0.,0.,-1.));
#2298=DIRECTION('ref_axis',(0.,-1.,0.));
#2299=DIRECTION('',(0.,-1.,0.));
#2300=DIRECTION('center_axis',(0.,0.,-1.));
#2301=DIRECTION('ref_axis',(1.,0.,0.));
#2302=DIRECTION('',(1.,-2.46716227694479E-16,0.));
#2303=DIRECTION('center_axis',(0.,0.,1.));
#2304=DIRECTION('ref_axis',(-2.2204460492503E-15,1.,0.));
#2305=DIRECTION('',(-1.,2.46716227694479E-16,0.));
#2306=DIRECTION('center_axis',(0.,0.,1.));
#2307=DIRECTION('ref_axis',(1.,0.,0.));
#2308=DIRECTION('',(0.,1.,0.));
#2309=DIRECTION('center_axis',(0.,0.,1.));
#2310=DIRECTION('ref_axis',(0.,-1.,0.));
#2311=DIRECTION('',(1.,0.,0.));
#2312=DIRECTION('center_axis',(0.,0.,1.));
#2313=DIRECTION('ref_axis',(-1.,-8.8817841970012E-15,0.));
#2314=DIRECTION('',(2.31296463463574E-17,-1.,0.));
#2315=DIRECTION('center_axis',(-1.,0.,0.));
#2316=DIRECTION('ref_axis',(0.,-1.,0.));
#2317=DIRECTION('',(0.,0.,1.));
#2318=DIRECTION('',(0.,1.,0.));
#2319=DIRECTION('',(0.,0.,1.));
#2320=DIRECTION('center_axis',(0.,0.,1.));
#2321=DIRECTION('ref_axis',(1.,0.,0.));
#2322=DIRECTION('',(0.,0.,1.));
#2323=DIRECTION('center_axis',(0.,0.,1.));
#2324=DIRECTION('ref_axis',(1.,0.,0.));
#2325=DIRECTION('center_axis',(-2.46716227694479E-16,-1.,0.));
#2326=DIRECTION('ref_axis',(1.,-2.46716227694479E-16,0.));
#2327=DIRECTION('',(0.,0.,1.));
#2328=DIRECTION('',(-1.,2.46716227694479E-16,0.));
#2329=DIRECTION('',(0.,0.,-1.));
#2330=DIRECTION('',(-1.,2.46716227694479E-16,3.70074341541719E-17));
#2331=DIRECTION('',(0.,0.,1.));
#2332=DIRECTION('',(1.,-2.46716227694479E-16,0.));
#2333=DIRECTION('center_axis',(0.,0.,1.));
#2334=DIRECTION('ref_axis',(-2.2204460492503E-15,1.,0.));
#2335=DIRECTION('',(0.,0.,1.));
#2336=DIRECTION('center_axis',(0.,0.,1.));
#2337=DIRECTION('ref_axis',(-2.2204460492503E-15,1.,0.));
#2338=DIRECTION('center_axis',(1.,0.,0.));
#2339=DIRECTION('ref_axis',(0.,-1.,0.));
#2340=DIRECTION('',(0.,0.,1.));
#2341=DIRECTION('',(0.,-1.,0.));
#2342=DIRECTION('',(0.,0.,1.));
#2343=DIRECTION('center_axis',(0.,0.,-1.));
#2344=DIRECTION('ref_axis',(0.,-1.,0.));
#2345=DIRECTION('',(0.,0.,1.));
#2346=DIRECTION('center_axis',(0.,0.,-1.));
#2347=DIRECTION('ref_axis',(0.,-1.,0.));
#2348=DIRECTION('center_axis',(0.,-1.,0.));
#2349=DIRECTION('ref_axis',(-1.,0.,0.));
#2350=DIRECTION('',(0.,0.,1.));
#2351=DIRECTION('',(-1.,0.,0.));
#2352=DIRECTION('',(0.,0.,-1.));
#2353=DIRECTION('',(-1.,0.,3.70074341541719E-17));
#2354=DIRECTION('',(0.,0.,1.));
#2355=DIRECTION('',(1.,0.,0.));
#2356=DIRECTION('center_axis',(0.,0.,-1.));
#2357=DIRECTION('ref_axis',(-1.,-4.44089209850061E-15,0.));
#2358=DIRECTION('',(0.,0.,1.));
#2359=DIRECTION('center_axis',(0.,0.,-1.));
#2360=DIRECTION('ref_axis',(-1.,-4.44089209850061E-15,0.));
#2361=DIRECTION('center_axis',(-1.,0.,0.));
#2362=DIRECTION('ref_axis',(0.,0.,-1.));
#2363=DIRECTION('',(0.,-1.,0.));
#2364=DIRECTION('',(0.,0.,-1.));
#2365=DIRECTION('',(0.,-1.,0.));
#2366=DIRECTION('center_axis',(-1.,0.,0.));
#2367=DIRECTION('ref_axis',(0.,0.,-1.));
#2368=DIRECTION('',(0.,0.,-1.));
#2369=DIRECTION('',(0.,-1.,0.));
#2370=DIRECTION('',(0.,-1.,0.));
#2371=DIRECTION('center_axis',(-3.70074341541719E-17,0.,-1.));
#2372=DIRECTION('ref_axis',(1.,0.,-3.70074341541719E-17));
#2373=DIRECTION('',(0.,-1.,0.));
#2374=DIRECTION('',(1.,-2.46716227694479E-16,-3.70074341541719E-17));
#2375=DIRECTION('center_axis',(-3.70074341541719E-17,0.,-1.));
#2376=DIRECTION('ref_axis',(1.,0.,-3.70074341541719E-17));
#2377=DIRECTION('',(1.,0.,-3.70074341541719E-17));
#2378=DIRECTION('',(0.,-1.,0.));
#2379=DIRECTION('center_axis',(0.,0.,1.));
#2380=DIRECTION('ref_axis',(-1.,0.,0.));
#2381=DIRECTION('',(-1.,2.46716227694479E-16,0.));
#2382=DIRECTION('',(0.,-1.,0.));
#2383=DIRECTION('center_axis',(1.,0.,0.));
#2384=DIRECTION('ref_axis',(0.,0.,1.));
#2385=DIRECTION('',(0.,0.,1.));
#2386=DIRECTION('center_axis',(1.,0.,0.));
#2387=DIRECTION('ref_axis',(0.,0.,1.));
#2388=DIRECTION('',(0.,0.,1.));
#2389=DIRECTION('',(0.,-1.,0.));
#2390=DIRECTION('center_axis',(0.,0.,1.));
#2391=DIRECTION('ref_axis',(-1.,0.,0.));
#2392=DIRECTION('',(-1.,0.,0.));
#2393=DIRECTION('center_axis',(0.,0.,-1.));
#2394=DIRECTION('ref_axis',(-1.,-8.8817841970012E-15,0.));
#2395=DIRECTION('center_axis',(0.,0.,-1.));
#2396=DIRECTION('ref_axis',(-1.,-8.8817841970012E-15,0.));
#2397=DIRECTION('',(0.,0.,-1.));
#2398=DIRECTION('center_axis',(0.,0.,1.));
#2399=DIRECTION('ref_axis',(-1.,-8.8817841970012E-15,0.));
#2400=DIRECTION('',(0.,0.,-1.));
#2401=DIRECTION('center_axis',(0.,-1.,0.));
#2402=DIRECTION('ref_axis',(-1.,0.,0.));
#2403=DIRECTION('',(-1.,0.,0.));
#2404=DIRECTION('',(1.,0.,0.));
#2405=DIRECTION('',(0.,0.,-1.));
#2406=DIRECTION('center_axis',(0.,0.,-1.));
#2407=DIRECTION('ref_axis',(0.,-1.,0.));
#2408=DIRECTION('center_axis',(0.,0.,-1.));
#2409=DIRECTION('ref_axis',(0.,-1.,0.));
#2410=DIRECTION('center_axis',(0.,0.,1.));
#2411=DIRECTION('ref_axis',(0.,-1.,0.));
#2412=DIRECTION('',(0.,0.,-1.));
#2413=DIRECTION('center_axis',(1.,0.,0.));
#2414=DIRECTION('ref_axis',(0.,-1.,0.));
#2415=DIRECTION('',(0.,-1.,0.));
#2416=DIRECTION('',(0.,1.,0.));
#2417=DIRECTION('',(0.,0.,-1.));
#2418=DIRECTION('center_axis',(0.,0.,-1.));
#2419=DIRECTION('ref_axis',(1.,0.,0.));
#2420=DIRECTION('center_axis',(0.,0.,-1.));
#2421=DIRECTION('ref_axis',(1.,0.,0.));
#2422=DIRECTION('center_axis',(0.,0.,1.));
#2423=DIRECTION('ref_axis',(1.,0.,0.));
#2424=DIRECTION('',(0.,0.,-1.));
#2425=DIRECTION('center_axis',(2.46716227694479E-16,1.,0.));
#2426=DIRECTION('ref_axis',(1.,-2.46716227694479E-16,0.));
#2427=DIRECTION('',(1.,-2.46716227694479E-16,0.));
#2428=DIRECTION('',(-1.,2.46716227694479E-16,0.));
#2429=DIRECTION('',(0.,0.,-1.));
#2430=DIRECTION('center_axis',(0.,0.,-1.));
#2431=DIRECTION('ref_axis',(-2.2204460492503E-15,1.,0.));
#2432=DIRECTION('center_axis',(0.,0.,-1.));
#2433=DIRECTION('ref_axis',(-2.2204460492503E-15,1.,0.));
#2434=DIRECTION('center_axis',(0.,0.,1.));
#2435=DIRECTION('ref_axis',(-2.2204460492503E-15,1.,0.));
#2436=DIRECTION('',(0.,0.,-1.));
#2437=DIRECTION('center_axis',(-1.,-2.31296463463574E-17,0.));
#2438=DIRECTION('ref_axis',(-2.31296463463574E-17,1.,0.));
#2439=DIRECTION('',(-2.31296463463574E-17,1.,0.));
#2440=DIRECTION('',(2.31296463463574E-17,-1.,0.));
#2441=DIRECTION('center_axis',(0.,0.,-1.));
#2442=DIRECTION('ref_axis',(-1.,0.,0.));
#2443=DIRECTION('center_axis',(1.,2.31296463463574E-17,0.));
#2444=DIRECTION('ref_axis',(-2.31296463463574E-17,1.,0.));
#2445=DIRECTION('',(0.,0.,1.));
#2446=DIRECTION('',(2.31296463463574E-17,-1.,0.));
#2447=DIRECTION('center_axis',(0.,0.,1.));
#2448=DIRECTION('ref_axis',(-1.,-8.8817841970012E-15,0.));
#2449=DIRECTION('',(0.,0.,1.));
#2450=DIRECTION('center_axis',(0.,0.,1.));
#2451=DIRECTION('ref_axis',(-1.,-8.8817841970012E-15,0.));
#2452=DIRECTION('center_axis',(0.,1.,0.));
#2453=DIRECTION('ref_axis',(-1.,0.,0.));
#2454=DIRECTION('',(0.,0.,1.));
#2455=DIRECTION('',(1.,0.,0.));
#2456=DIRECTION('center_axis',(0.,0.,1.));
#2457=DIRECTION('ref_axis',(0.,-1.,0.));
#2458=DIRECTION('center_axis',(0.,0.,1.));
#2459=DIRECTION('ref_axis',(0.,-1.,0.));
#2460=DIRECTION('center_axis',(-1.,-1.38777878078145E-16,0.));
#2461=DIRECTION('ref_axis',(-1.38777878078145E-16,1.,0.));
#2462=DIRECTION('',(0.,0.,1.));
#2463=DIRECTION('',(-1.38777878078145E-16,1.,0.));
#2464=DIRECTION('center_axis',(0.,0.,-1.));
#2465=DIRECTION('ref_axis',(1.,0.,0.));
#2466=DIRECTION('center_axis',(0.,0.,-1.));
#2467=DIRECTION('ref_axis',(1.,0.,0.));
#2468=DIRECTION('',(0.,0.,1.));
#2469=DIRECTION('center_axis',(2.46716227694479E-16,1.,0.));
#2470=DIRECTION('ref_axis',(1.,-2.46716227694479E-16,0.));
#2471=DIRECTION('',(1.,-2.46716227694479E-16,0.));
#2472=DIRECTION('',(0.,0.,-1.));
#2473=DIRECTION('center_axis',(0.,0.,-1.));
#2474=DIRECTION('ref_axis',(-1.11022302462515E-15,1.,0.));
#2475=DIRECTION('center_axis',(0.,0.,-1.));
#2476=DIRECTION('ref_axis',(-1.11022302462515E-15,1.,0.));
#2477=DIRECTION('center_axis',(0.,0.,1.));
#2478=DIRECTION('ref_axis',(1.,0.,0.));
#2479=DIRECTION('center_axis',(0.,0.,1.));
#2480=DIRECTION('ref_axis',(1.,0.,0.));
#2481=CARTESIAN_POINT('',(0.,0.,0.));
#2482=CARTESIAN_POINT('Origin',(-15.2079408510042,52.,11.6299981479593));
#2483=CARTESIAN_POINT('',(-15.2079408510042,50.,1.6299981479593));
#2484=CARTESIAN_POINT('',(-15.2079408510042,50.,11.6299981479593));
#2485=CARTESIAN_POINT('',(-15.2079408510042,50.,5.81499907397965));
#2486=CARTESIAN_POINT('',(-15.2079408510042,52.,1.6299981479593));
#2487=CARTESIAN_POINT('',(-15.2079408510042,52.,1.6299981479593));
#2488=CARTESIAN_POINT('',(-15.2079408510042,52.,11.6299981479593));
#2489=CARTESIAN_POINT('',(-15.2079408510042,52.,5.81499907397965));
#2490=CARTESIAN_POINT('',(-15.2079408510042,52.,11.6299981479593));
#2491=CARTESIAN_POINT('Origin',(-15.2079408510042,52.,11.6299981479593));
#2492=CARTESIAN_POINT('',(-15.2079408510042,-50.,11.6299981479593));
#2493=CARTESIAN_POINT('',(-15.2079408510042,-50.,1.6299981479593));
#2494=CARTESIAN_POINT('',(-15.2079408510042,-50.,5.81499907397965));
#2495=CARTESIAN_POINT('',(-15.2079408510042,-52.,11.6299981479593));
#2496=CARTESIAN_POINT('',(-15.2079408510042,52.,11.6299981479593));
#2497=CARTESIAN_POINT('',(-15.2079408510042,-52.,1.6299981479593));
#2498=CARTESIAN_POINT('',(-15.2079408510042,-52.,5.81499907397965));
#2499=CARTESIAN_POINT('',(-15.2079408510042,52.,1.6299981479593));
#2500=CARTESIAN_POINT('Origin',(-15.2079408510042,52.,1.6299981479593));
#2501=CARTESIAN_POINT('',(14.7920591489958,50.,1.62999814795929));
#2502=CARTESIAN_POINT('',(-16.6039704255021,50.,1.6299981479593));
#2503=CARTESIAN_POINT('',(14.7920591489958,52.,1.62999814795929));
#2504=CARTESIAN_POINT('',(14.7920591489958,52.,1.62999814795929));
#2505=CARTESIAN_POINT('',(-16.6039704255021,52.,1.6299981479593));
#2506=CARTESIAN_POINT('Origin',(-15.2079408510042,52.,1.6299981479593));
#2507=CARTESIAN_POINT('',(14.7920591489958,-50.,1.62999814795929));
#2508=CARTESIAN_POINT('',(1.39602957449792,-50.,1.62999814795929));
#2509=CARTESIAN_POINT('',(14.7920591489958,-52.,1.62999814795929));
#2510=CARTESIAN_POINT('',(1.39602957449792,-52.,1.62999814795929));
#2511=CARTESIAN_POINT('',(14.7920591489958,52.,1.62999814795929));
#2512=CARTESIAN_POINT('Origin',(14.7920591489958,52.,11.6299981479593));
#2513=CARTESIAN_POINT('',(14.7920591489958,50.,11.6299981479593));
#2514=CARTESIAN_POINT('',(-1.60397042550209,50.,11.6299981479593));
#2515=CARTESIAN_POINT('',(14.7920591489958,52.,11.6299981479593));
#2516=CARTESIAN_POINT('',(-1.60397042550209,52.,11.6299981479593));
#2517=CARTESIAN_POINT('',(14.7920591489958,52.,11.6299981479593));
#2518=CARTESIAN_POINT('Origin',(14.7920591489958,52.,1.62999814795929));
#2519=CARTESIAN_POINT('',(14.7920591489958,50.,0.814999073979647));
#2520=CARTESIAN_POINT('',(14.7920591489958,52.,0.814999073979647));
#2521=CARTESIAN_POINT('Origin',(14.7920591489958,52.,1.62999814795929));
#2522=CARTESIAN_POINT('',(14.7920591489958,-50.,11.6299981479593));
#2523=CARTESIAN_POINT('',(14.7920591489958,-50.,0.814999073979647));
#2524=CARTESIAN_POINT('',(14.7920591489958,-52.,11.6299981479593));
#2525=CARTESIAN_POINT('',(14.7920591489958,-52.,0.814999073979647));
#2526=CARTESIAN_POINT('',(14.7920591489958,52.,11.6299981479593));
#2527=CARTESIAN_POINT('Origin',(14.7920591489958,52.,11.6299981479593));
#2528=CARTESIAN_POINT('',(16.3960295744979,-50.,11.6299981479593));
#2529=CARTESIAN_POINT('',(16.3960295744979,-52.,11.6299981479593));
#2530=CARTESIAN_POINT('Origin',(-18.,-48.,-2.));
#2531=CARTESIAN_POINT('',(-19.75,-48.,-2.));
#2532=CARTESIAN_POINT('',(-18.,-49.75,-2.));
#2533=CARTESIAN_POINT('Origin',(-18.,-48.,-2.));
#2534=CARTESIAN_POINT('',(-19.75,-48.,-4.));
#2535=CARTESIAN_POINT('',(-19.75,-48.,-2.));
#2536=CARTESIAN_POINT('',(-18.,-49.75,-4.));
#2537=CARTESIAN_POINT('Origin',(-18.,-48.,-4.));
#2538=CARTESIAN_POINT('',(-18.,-49.75,-2.));
#2539=CARTESIAN_POINT('Origin',(18.,-49.75,-2.));
#2540=CARTESIAN_POINT('',(18.,-49.75,-2.));
#2541=CARTESIAN_POINT('',(9.,-49.75,-2.));
#2542=CARTESIAN_POINT('',(18.,-49.75,-4.));
#2543=CARTESIAN_POINT('',(9.,-49.75,-4.));
#2544=CARTESIAN_POINT('',(18.,-49.75,-2.));
#2545=CARTESIAN_POINT('Origin',(18.,-48.,-2.));
#2546=CARTESIAN_POINT('',(19.75,-48.,-2.));
#2547=CARTESIAN_POINT('Origin',(18.,-48.,-2.));
#2548=CARTESIAN_POINT('',(19.75,-48.,-4.));
#2549=CARTESIAN_POINT('Origin',(18.,-48.,-4.));
#2550=CARTESIAN_POINT('',(19.75,-48.,-2.));
#2551=CARTESIAN_POINT('Origin',(19.75,48.,-2.));
#2552=CARTESIAN_POINT('',(19.75,48.,-2.));
#2553=CARTESIAN_POINT('',(19.75,24.,-2.));
#2554=CARTESIAN_POINT('',(19.75,48.,-4.));
#2555=CARTESIAN_POINT('',(19.75,24.,-4.));
#2556=CARTESIAN_POINT('',(19.75,48.,-2.));
#2557=CARTESIAN_POINT('Origin',(18.,48.,-2.));
#2558=CARTESIAN_POINT('',(18.,49.75,-2.));
#2559=CARTESIAN_POINT('Origin',(18.,48.,-2.));
#2560=CARTESIAN_POINT('',(18.,49.75,-4.));
#2561=CARTESIAN_POINT('Origin',(18.,48.,-4.));
#2562=CARTESIAN_POINT('',(18.,49.75,-2.));
#2563=CARTESIAN_POINT('Origin',(-18.,49.75,-2.));
#2564=CARTESIAN_POINT('',(-18.,49.75,-2.));
#2565=CARTESIAN_POINT('',(-8.99999999999999,49.75,-2.));
#2566=CARTESIAN_POINT('',(-18.,49.75,-4.));
#2567=CARTESIAN_POINT('',(-8.99999999999999,49.75,-4.));
#2568=CARTESIAN_POINT('',(-18.,49.75,-2.));
#2569=CARTESIAN_POINT('Origin',(-18.,48.,-2.));
#2570=CARTESIAN_POINT('',(-19.75,48.,-2.));
#2571=CARTESIAN_POINT('Origin',(-18.,48.,-2.));
#2572=CARTESIAN_POINT('',(-19.75,48.,-4.));
#2573=CARTESIAN_POINT('Origin',(-18.,48.,-4.));
#2574=CARTESIAN_POINT('',(-19.75,48.,-2.));
#2575=CARTESIAN_POINT('Origin',(-19.75,-48.,-2.));
#2576=CARTESIAN_POINT('',(-19.75,-24.,-2.));
#2577=CARTESIAN_POINT('',(-19.75,-24.,-4.));
#2578=CARTESIAN_POINT('Origin',(0.,4.44089209850063E-15,-4.));
#2579=CARTESIAN_POINT('Origin',(-20.,-48.,0.));
#2580=CARTESIAN_POINT('',(-20.,48.,0.));
#2581=CARTESIAN_POINT('',(-20.,-48.,0.));
#2582=CARTESIAN_POINT('',(-20.,-24.,0.));
#2583=CARTESIAN_POINT('',(-20.,48.,25.));
#2584=CARTESIAN_POINT('',(-20.,48.,0.));
#2585=CARTESIAN_POINT('',(-20.,-48.,25.));
#2586=CARTESIAN_POINT('',(-20.,-48.,25.));
#2587=CARTESIAN_POINT('',(-20.,-48.,0.));
#2588=CARTESIAN_POINT('Origin',(-18.,-48.,0.));
#2589=CARTESIAN_POINT('',(-18.,-50.,0.));
#2590=CARTESIAN_POINT('Origin',(-18.,-48.,0.));
#2591=CARTESIAN_POINT('',(-18.,-50.,25.));
#2592=CARTESIAN_POINT('Origin',(-18.,-48.,25.));
#2593=CARTESIAN_POINT('',(-18.,-50.,0.));
#2594=CARTESIAN_POINT('Origin',(18.,-50.,0.));
#2595=CARTESIAN_POINT('',(18.,-50.,0.));
#2596=CARTESIAN_POINT('',(9.,-50.,0.));
#2597=CARTESIAN_POINT('',(18.,-50.,25.));
#2598=CARTESIAN_POINT('',(18.,-50.,25.));
#2599=CARTESIAN_POINT('',(18.,-50.,0.));
#2600=CARTESIAN_POINT('Origin',(18.,-48.,0.));
#2601=CARTESIAN_POINT('',(20.,-48.,0.));
#2602=CARTESIAN_POINT('Origin',(18.,-48.,0.));
#2603=CARTESIAN_POINT('',(20.,-48.,25.));
#2604=CARTESIAN_POINT('Origin',(18.,-48.,25.));
#2605=CARTESIAN_POINT('',(20.,-48.,0.));
#2606=CARTESIAN_POINT('Origin',(20.,48.,0.));
#2607=CARTESIAN_POINT('',(20.,48.,0.));
#2608=CARTESIAN_POINT('',(20.,24.,0.));
#2609=CARTESIAN_POINT('',(20.,48.,25.));
#2610=CARTESIAN_POINT('',(20.,48.,25.));
#2611=CARTESIAN_POINT('',(20.,48.,0.));
#2612=CARTESIAN_POINT('Origin',(18.,48.,0.));
#2613=CARTESIAN_POINT('',(18.,50.,0.));
#2614=CARTESIAN_POINT('Origin',(18.,48.,0.));
#2615=CARTESIAN_POINT('',(18.,50.,25.));
#2616=CARTESIAN_POINT('Origin',(18.,48.,25.));
#2617=CARTESIAN_POINT('',(18.,50.,0.));
#2618=CARTESIAN_POINT('Origin',(-18.,50.,0.));
#2619=CARTESIAN_POINT('',(-18.,50.,0.));
#2620=CARTESIAN_POINT('',(-8.99999999999999,50.,0.));
#2621=CARTESIAN_POINT('',(-18.,50.,25.));
#2622=CARTESIAN_POINT('',(-18.,50.,25.));
#2623=CARTESIAN_POINT('',(-18.,50.,0.));
#2624=CARTESIAN_POINT('Origin',(-18.,48.,0.));
#2625=CARTESIAN_POINT('Origin',(-18.,48.,0.));
#2626=CARTESIAN_POINT('Origin',(-18.,48.,25.));
#2627=CARTESIAN_POINT('Origin',(0.,8.88178419700125E-15,25.));
#2628=CARTESIAN_POINT('',(-18.,52.,25.));
#2629=CARTESIAN_POINT('',(-22.,48.,25.));
#2630=CARTESIAN_POINT('Origin',(-18.,48.,25.));
#2631=CARTESIAN_POINT('',(-22.,-48.,25.));
#2632=CARTESIAN_POINT('',(-22.,-48.,25.));
#2633=CARTESIAN_POINT('',(-18.,-52.,25.));
#2634=CARTESIAN_POINT('Origin',(-18.,-48.,25.));
#2635=CARTESIAN_POINT('',(18.,-52.,25.));
#2636=CARTESIAN_POINT('',(18.,-52.,25.));
#2637=CARTESIAN_POINT('',(22.,-48.,25.));
#2638=CARTESIAN_POINT('Origin',(18.,-48.,25.));
#2639=CARTESIAN_POINT('',(22.,48.,25.));
#2640=CARTESIAN_POINT('',(22.,48.,25.));
#2641=CARTESIAN_POINT('',(18.,52.,25.));
#2642=CARTESIAN_POINT('Origin',(18.,48.,25.));
#2643=CARTESIAN_POINT('',(-18.,52.,25.));
#2644=CARTESIAN_POINT('Origin',(-22.,-48.,0.));
#2645=CARTESIAN_POINT('',(-22.,48.,-2.));
#2646=CARTESIAN_POINT('',(-22.,48.,0.));
#2647=CARTESIAN_POINT('',(-22.,-48.,-2.));
#2648=CARTESIAN_POINT('',(-22.,-48.,-2.));
#2649=CARTESIAN_POINT('',(-22.,-48.,0.));
#2650=CARTESIAN_POINT('Origin',(-18.,-48.,0.));
#2651=CARTESIAN_POINT('',(-18.,-52.,-2.));
#2652=CARTESIAN_POINT('Origin',(-18.,-48.,-2.));
#2653=CARTESIAN_POINT('',(-18.,-52.,0.));
#2654=CARTESIAN_POINT('Origin',(18.,-52.,0.));
#2655=CARTESIAN_POINT('',(18.,-52.,-2.));
#2656=CARTESIAN_POINT('',(18.,-52.,-2.));
#2657=CARTESIAN_POINT('',(18.,-52.,0.));
#2658=CARTESIAN_POINT('Origin',(18.,-48.,0.));
#2659=CARTESIAN_POINT('',(22.,-48.,-2.));
#2660=CARTESIAN_POINT('Origin',(18.,-48.,-2.));
#2661=CARTESIAN_POINT('',(22.,-48.,0.));
#2662=CARTESIAN_POINT('Origin',(22.,48.,0.));
#2663=CARTESIAN_POINT('',(22.,48.,-2.));
#2664=CARTESIAN_POINT('',(22.,48.,-2.));
#2665=CARTESIAN_POINT('',(22.,48.,0.));
#2666=CARTESIAN_POINT('Origin',(18.,48.,0.));
#2667=CARTESIAN_POINT('',(18.,52.,-2.));
#2668=CARTESIAN_POINT('Origin',(18.,48.,-2.));
#2669=CARTESIAN_POINT('',(18.,52.,0.));
#2670=CARTESIAN_POINT('Origin',(-18.,52.,0.));
#2671=CARTESIAN_POINT('',(-18.,52.,-2.));
#2672=CARTESIAN_POINT('',(-18.,52.,-2.));
#2673=CARTESIAN_POINT('',(-18.,52.,0.));
#2674=CARTESIAN_POINT('Origin',(-18.,48.,0.));
#2675=CARTESIAN_POINT('Origin',(-18.,48.,-2.));
#2676=CARTESIAN_POINT('Origin',(0.,8.88178419700125E-15,0.));
#2677=CARTESIAN_POINT('Origin',(0.,8.88178419700125E-15,-2.));
#2678=CARTESIAN_POINT('Origin',(18.,48.,25.));
#2679=CARTESIAN_POINT('',(-18.,48.,25.));
#2680=CARTESIAN_POINT('',(18.,48.,25.));
#2681=CARTESIAN_POINT('',(9.,48.,25.));
#2682=CARTESIAN_POINT('',(-18.,48.,23.));
#2683=CARTESIAN_POINT('',(-18.,48.,25.));
#2684=CARTESIAN_POINT('',(18.,48.,23.));
#2685=CARTESIAN_POINT('',(-9.,48.,23.));
#2686=CARTESIAN_POINT('',(18.,48.,25.));
#2687=CARTESIAN_POINT('Origin',(18.,-48.,25.));
#2688=CARTESIAN_POINT('',(18.,-48.,25.));
#2689=CARTESIAN_POINT('',(18.,-24.,25.));
#2690=CARTESIAN_POINT('',(18.,-48.,23.));
#2691=CARTESIAN_POINT('',(18.,24.,23.));
#2692=CARTESIAN_POINT('',(18.,-48.,25.));
#2693=CARTESIAN_POINT('Origin',(-18.,-48.,25.));
#2694=CARTESIAN_POINT('',(-18.,-48.,25.));
#2695=CARTESIAN_POINT('',(-9.,-48.,25.));
#2696=CARTESIAN_POINT('',(-18.,-48.,23.));
#2697=CARTESIAN_POINT('',(9.,-48.,23.));
#2698=CARTESIAN_POINT('',(-18.,-48.,25.));
#2699=CARTESIAN_POINT('Origin',(-18.,48.,25.));
#2700=CARTESIAN_POINT('',(-18.,24.,25.));
#2701=CARTESIAN_POINT('',(-18.,-24.,23.));
#2702=CARTESIAN_POINT('Origin',(-18.,48.,25.));
#2703=CARTESIAN_POINT('',(-18.,49.75,25.));
#2704=CARTESIAN_POINT('',(-19.75,48.,25.));
#2705=CARTESIAN_POINT('Origin',(-18.,48.,25.));
#2706=CARTESIAN_POINT('',(-18.,49.75,23.));
#2707=CARTESIAN_POINT('',(-18.,49.75,25.));
#2708=CARTESIAN_POINT('',(-19.75,48.,23.));
#2709=CARTESIAN_POINT('Origin',(-18.,48.,23.));
#2710=CARTESIAN_POINT('',(-19.75,48.,25.));
#2711=CARTESIAN_POINT('Origin',(-19.75,-48.,25.));
#2712=CARTESIAN_POINT('',(-19.75,-48.,25.));
#2713=CARTESIAN_POINT('',(-19.75,-24.,25.));
#2714=CARTESIAN_POINT('',(-19.75,-48.,23.));
#2715=CARTESIAN_POINT('',(-19.75,-24.,23.));
#2716=CARTESIAN_POINT('',(-19.75,-48.,25.));
#2717=CARTESIAN_POINT('Origin',(-18.,-48.,25.));
#2718=CARTESIAN_POINT('',(-18.,-49.75,25.));
#2719=CARTESIAN_POINT('Origin',(-18.,-48.,25.));
#2720=CARTESIAN_POINT('',(-18.,-49.75,23.));
#2721=CARTESIAN_POINT('Origin',(-18.,-48.,23.));
#2722=CARTESIAN_POINT('',(-18.,-49.75,25.));
#2723=CARTESIAN_POINT('Origin',(18.,-49.75,25.));
#2724=CARTESIAN_POINT('',(18.,-49.75,25.));
#2725=CARTESIAN_POINT('',(9.,-49.75,25.));
#2726=CARTESIAN_POINT('',(18.,-49.75,23.));
#2727=CARTESIAN_POINT('',(9.,-49.75,23.));
#2728=CARTESIAN_POINT('',(18.,-49.75,25.));
#2729=CARTESIAN_POINT('Origin',(18.,-48.,25.));
#2730=CARTESIAN_POINT('',(19.75,-48.,25.));
#2731=CARTESIAN_POINT('Origin',(18.,-48.,25.));
#2732=CARTESIAN_POINT('',(19.75,-48.,23.));
#2733=CARTESIAN_POINT('Origin',(18.,-48.,23.));
#2734=CARTESIAN_POINT('',(19.75,-48.,25.));
#2735=CARTESIAN_POINT('Origin',(19.75,48.,25.));
#2736=CARTESIAN_POINT('',(19.75,48.,25.));
#2737=CARTESIAN_POINT('',(19.75,24.,25.));
#2738=CARTESIAN_POINT('',(19.75,48.,23.));
#2739=CARTESIAN_POINT('',(19.75,24.,23.));
#2740=CARTESIAN_POINT('',(19.75,48.,25.));
#2741=CARTESIAN_POINT('Origin',(18.,48.,25.));
#2742=CARTESIAN_POINT('',(18.,49.75,25.));
#2743=CARTESIAN_POINT('Origin',(18.,48.,25.));
#2744=CARTESIAN_POINT('',(18.,49.75,23.));
#2745=CARTESIAN_POINT('Origin',(18.,48.,23.));
#2746=CARTESIAN_POINT('',(18.,49.75,25.));
#2747=CARTESIAN_POINT('Origin',(-18.,49.75,25.));
#2748=CARTESIAN_POINT('',(-8.99999999999999,49.75,25.));
#2749=CARTESIAN_POINT('',(-8.99999999999999,49.75,23.));
#2750=CARTESIAN_POINT('Origin',(0.,4.44089209850063E-15,23.));
#2751=CARTESIAN_POINT('Origin',(0.,4.44089209850063E-15,25.));
#2752=CARTESIAN_POINT('',(-18.,52.,25.));
#2753=CARTESIAN_POINT('',(18.,52.,25.));
#2754=CARTESIAN_POINT('',(9.00000000000001,52.,25.));
#2755=CARTESIAN_POINT('',(22.,48.,25.));
#2756=CARTESIAN_POINT('Origin',(18.,48.,25.));
#2757=CARTESIAN_POINT('',(22.,-48.,25.));
#2758=CARTESIAN_POINT('',(22.,-24.,25.));
#2759=CARTESIAN_POINT('',(18.,-52.,25.));
#2760=CARTESIAN_POINT('Origin',(18.,-48.,25.));
#2761=CARTESIAN_POINT('',(-18.,-52.,25.));
#2762=CARTESIAN_POINT('',(-9.00000000000001,-52.,25.));
#2763=CARTESIAN_POINT('',(-22.,-48.,25.));
#2764=CARTESIAN_POINT('Origin',(-18.,-48.,25.));
#2765=CARTESIAN_POINT('',(-22.,48.,25.));
#2766=CARTESIAN_POINT('',(-22.,24.,25.));
#2767=CARTESIAN_POINT('Origin',(-18.,48.,25.));
#2768=CARTESIAN_POINT('Origin',(18.,48.,25.));
#2769=CARTESIAN_POINT('',(18.,52.,27.));
#2770=CARTESIAN_POINT('',(18.,52.,25.));
#2771=CARTESIAN_POINT('',(22.,48.,27.));
#2772=CARTESIAN_POINT('Origin',(18.,48.,27.));
#2773=CARTESIAN_POINT('',(22.,48.,25.));
#2774=CARTESIAN_POINT('Origin',(22.,-48.,25.));
#2775=CARTESIAN_POINT('',(22.,-48.,27.));
#2776=CARTESIAN_POINT('',(22.,-24.,27.));
#2777=CARTESIAN_POINT('',(22.,-48.,25.));
#2778=CARTESIAN_POINT('Origin',(18.,-48.,25.));
#2779=CARTESIAN_POINT('',(18.,-52.,27.));
#2780=CARTESIAN_POINT('Origin',(18.,-48.,27.));
#2781=CARTESIAN_POINT('',(18.,-52.,25.));
#2782=CARTESIAN_POINT('Origin',(-18.,-52.,25.));
#2783=CARTESIAN_POINT('',(-18.,-52.,27.));
#2784=CARTESIAN_POINT('',(-9.00000000000001,-52.,27.));
#2785=CARTESIAN_POINT('',(-18.,-52.,25.));
#2786=CARTESIAN_POINT('Origin',(-18.,-48.,25.));
#2787=CARTESIAN_POINT('',(-22.,-48.,27.));
#2788=CARTESIAN_POINT('Origin',(-18.,-48.,27.));
#2789=CARTESIAN_POINT('',(-22.,-48.,25.));
#2790=CARTESIAN_POINT('Origin',(-22.,48.,25.));
#2791=CARTESIAN_POINT('',(-22.,48.,27.));
#2792=CARTESIAN_POINT('',(-22.,24.,27.));
#2793=CARTESIAN_POINT('',(-22.,48.,25.));
#2794=CARTESIAN_POINT('Origin',(-18.,48.,25.));
#2795=CARTESIAN_POINT('',(-18.,52.,27.));
#2796=CARTESIAN_POINT('Origin',(-18.,48.,27.));
#2797=CARTESIAN_POINT('',(-18.,52.,25.));
#2798=CARTESIAN_POINT('Origin',(18.,52.,25.));
#2799=CARTESIAN_POINT('',(9.00000000000001,52.,27.));
#2800=CARTESIAN_POINT('Origin',(0.,4.44089209850063E-15,27.));
#2801=CARTESIAN_POINT('Origin',(0.,4.44089209850063E-15,25.));
#2802=CARTESIAN_POINT('Origin',(0.,8.88178419700125E-15,0.));
#2803=CARTESIAN_POINT('',(-22.,48.,0.));
#2804=CARTESIAN_POINT('',(-18.,52.,0.));
#2805=CARTESIAN_POINT('Origin',(-18.,48.,0.));
#2806=CARTESIAN_POINT('',(-22.,-48.,0.));
#2807=CARTESIAN_POINT('',(-22.,-24.,0.));
#2808=CARTESIAN_POINT('',(-18.,-52.,0.));
#2809=CARTESIAN_POINT('Origin',(-18.,-48.,0.));
#2810=CARTESIAN_POINT('',(18.,-52.,0.));
#2811=CARTESIAN_POINT('',(9.,-52.,0.));
#2812=CARTESIAN_POINT('',(22.,-48.,0.));
#2813=CARTESIAN_POINT('Origin',(18.,-48.,0.));
#2814=CARTESIAN_POINT('',(22.,48.,0.));
#2815=CARTESIAN_POINT('',(22.,24.,0.));
#2816=CARTESIAN_POINT('',(18.,52.,0.));
#2817=CARTESIAN_POINT('Origin',(18.,48.,0.));
#2818=CARTESIAN_POINT('',(-8.99999999999999,52.,0.));
#2819=CARTESIAN_POINT('',(-18.,50.,0.));
#2820=CARTESIAN_POINT('',(-20.,48.,0.));
#2821=CARTESIAN_POINT('Origin',(-18.,48.,0.));
#2822=CARTESIAN_POINT('',(18.,50.,0.));
#2823=CARTESIAN_POINT('',(-8.99999999999999,50.,0.));
#2824=CARTESIAN_POINT('',(20.,48.,0.));
#2825=CARTESIAN_POINT('Origin',(18.,48.,0.));
#2826=CARTESIAN_POINT('',(20.,-48.,0.));
#2827=CARTESIAN_POINT('',(20.,24.,0.));
#2828=CARTESIAN_POINT('',(18.,-50.,0.));
#2829=CARTESIAN_POINT('Origin',(18.,-48.,0.));
#2830=CARTESIAN_POINT('',(-18.,-50.,0.));
#2831=CARTESIAN_POINT('',(9.,-50.,0.));
#2832=CARTESIAN_POINT('',(-20.,-48.,0.));
#2833=CARTESIAN_POINT('Origin',(-18.,-48.,0.));
#2834=CARTESIAN_POINT('',(-20.,-24.,0.));
#2835=CARTESIAN_POINT('Origin',(20.,48.,-20.));
#2836=CARTESIAN_POINT('',(20.,48.,-20.));
#2837=CARTESIAN_POINT('',(20.,48.,-20.));
#2838=CARTESIAN_POINT('',(20.,-48.,-20.));
#2839=CARTESIAN_POINT('',(20.,24.,-20.));
#2840=CARTESIAN_POINT('',(20.,-48.,-20.));
#2841=CARTESIAN_POINT('Origin',(18.,48.,-20.));
#2842=CARTESIAN_POINT('',(18.,50.,-20.));
#2843=CARTESIAN_POINT('',(18.,50.,-20.));
#2844=CARTESIAN_POINT('Origin',(18.,48.,-20.));
#2845=CARTESIAN_POINT('Origin',(-18.,50.,-20.));
#2846=CARTESIAN_POINT('',(-18.,50.,-20.));
#2847=CARTESIAN_POINT('',(-18.,50.,-20.));
#2848=CARTESIAN_POINT('',(-8.99999999999999,50.,-20.));
#2849=CARTESIAN_POINT('',(14.7920591489958,50.,-8.3700018520407));
#2850=CARTESIAN_POINT('',(14.7920591489958,50.,-18.3700018520407));
#2851=CARTESIAN_POINT('',(14.7920591489958,50.,-19.1850009260204));
#2852=CARTESIAN_POINT('',(-15.2079408510042,50.,-18.3700018520407));
#2853=CARTESIAN_POINT('',(-16.6039704255021,50.,-18.3700018520407));
#2854=CARTESIAN_POINT('',(-15.2079408510042,50.,-8.3700018520407));
#2855=CARTESIAN_POINT('',(-15.2079408510042,50.,-14.1850009260204));
#2856=CARTESIAN_POINT('',(-1.60397042550209,50.,-8.3700018520407));
#2857=CARTESIAN_POINT('Origin',(-18.,48.,-20.));
#2858=CARTESIAN_POINT('',(-20.,48.,-20.));
#2859=CARTESIAN_POINT('',(-20.,48.,-20.));
#2860=CARTESIAN_POINT('Origin',(-18.,48.,-20.));
#2861=CARTESIAN_POINT('Origin',(22.,48.,-20.));
#2862=CARTESIAN_POINT('',(22.,-48.,-22.));
#2863=CARTESIAN_POINT('',(22.,-48.,-20.));
#2864=CARTESIAN_POINT('',(22.,48.,-22.));
#2865=CARTESIAN_POINT('',(22.,48.,-22.));
#2866=CARTESIAN_POINT('',(22.,48.,-20.));
#2867=CARTESIAN_POINT('Origin',(18.,-48.,-20.));
#2868=CARTESIAN_POINT('',(18.,-52.,-22.));
#2869=CARTESIAN_POINT('',(18.,-52.,-20.));
#2870=CARTESIAN_POINT('Origin',(18.,-48.,-22.));
#2871=CARTESIAN_POINT('Origin',(18.,-52.,-20.));
#2872=CARTESIAN_POINT('',(-18.,-52.,-22.));
#2873=CARTESIAN_POINT('',(-18.,-52.,-20.));
#2874=CARTESIAN_POINT('',(18.,-52.,-22.));
#2875=CARTESIAN_POINT('',(14.7920591489958,-52.,-8.3700018520407));
#2876=CARTESIAN_POINT('',(14.7920591489958,-52.,-18.3700018520407));
#2877=CARTESIAN_POINT('',(14.7920591489958,-52.,-19.1850009260204));
#2878=CARTESIAN_POINT('',(-15.2079408510042,-52.,-18.3700018520407));
#2879=CARTESIAN_POINT('',(1.39602957449792,-52.,-18.3700018520407));
#2880=CARTESIAN_POINT('',(-15.2079408510042,-52.,-8.3700018520407));
#2881=CARTESIAN_POINT('',(-15.2079408510042,-52.,-14.1850009260204));
#2882=CARTESIAN_POINT('',(16.3960295744979,-52.,-8.3700018520407));
#2883=CARTESIAN_POINT('Origin',(-18.,-48.,-20.));
#2884=CARTESIAN_POINT('',(-22.,-48.,-22.));
#2885=CARTESIAN_POINT('',(-22.,-48.,-20.));
#2886=CARTESIAN_POINT('Origin',(-18.,-48.,-22.));
#2887=CARTESIAN_POINT('Origin',(-15.2079408510042,52.,-8.3700018520407));
#2888=CARTESIAN_POINT('',(-15.2079408510042,52.,-18.3700018520407));
#2889=CARTESIAN_POINT('',(-15.2079408510042,52.,-18.3700018520407));
#2890=CARTESIAN_POINT('',(-15.2079408510042,52.,-8.3700018520407));
#2891=CARTESIAN_POINT('',(-15.2079408510042,52.,-14.1850009260204));
#2892=CARTESIAN_POINT('',(-15.2079408510042,52.,-8.3700018520407));
#2893=CARTESIAN_POINT('Origin',(-15.2079408510042,52.,-8.3700018520407));
#2894=CARTESIAN_POINT('',(-15.2079408510042,-50.,-8.3700018520407));
#2895=CARTESIAN_POINT('',(-15.2079408510042,-50.,-18.3700018520407));
#2896=CARTESIAN_POINT('',(-15.2079408510042,-50.,-14.1850009260204));
#2897=CARTESIAN_POINT('',(-15.2079408510042,52.,-8.3700018520407));
#2898=CARTESIAN_POINT('',(-15.2079408510042,52.,-18.3700018520407));
#2899=CARTESIAN_POINT('Origin',(-15.2079408510042,52.,-18.3700018520407));
#2900=CARTESIAN_POINT('',(14.7920591489958,52.,-18.3700018520407));
#2901=CARTESIAN_POINT('',(14.7920591489958,52.,-18.3700018520407));
#2902=CARTESIAN_POINT('',(-16.6039704255021,52.,-18.3700018520407));
#2903=CARTESIAN_POINT('Origin',(-15.2079408510042,52.,-18.3700018520407));
#2904=CARTESIAN_POINT('',(14.7920591489958,-50.,-18.3700018520407));
#2905=CARTESIAN_POINT('',(1.39602957449792,-50.,-18.3700018520407));
#2906=CARTESIAN_POINT('',(14.7920591489958,52.,-18.3700018520407));
#2907=CARTESIAN_POINT('Origin',(14.7920591489958,52.,-8.3700018520407));
#2908=CARTESIAN_POINT('',(14.7920591489958,52.,-8.3700018520407));
#2909=CARTESIAN_POINT('',(-1.60397042550209,52.,-8.3700018520407));
#2910=CARTESIAN_POINT('',(14.7920591489958,52.,-8.3700018520407));
#2911=CARTESIAN_POINT('Origin',(14.7920591489958,52.,-18.3700018520407));
#2912=CARTESIAN_POINT('',(14.7920591489958,52.,-19.1850009260204));
#2913=CARTESIAN_POINT('Origin',(14.7920591489958,52.,-18.3700018520407));
#2914=CARTESIAN_POINT('',(14.7920591489958,-50.,-8.3700018520407));
#2915=CARTESIAN_POINT('',(14.7920591489958,-50.,-19.1850009260204));
#2916=CARTESIAN_POINT('',(14.7920591489958,52.,-8.3700018520407));
#2917=CARTESIAN_POINT('Origin',(14.7920591489958,52.,-8.3700018520407));
#2918=CARTESIAN_POINT('',(16.3960295744979,-50.,-8.3700018520407));
#2919=CARTESIAN_POINT('Origin',(-18.,-48.,-22.));
#2920=CARTESIAN_POINT('',(-19.75,-48.,-22.));
#2921=CARTESIAN_POINT('',(-18.,-49.75,-22.));
#2922=CARTESIAN_POINT('Origin',(-18.,-48.,-22.));
#2923=CARTESIAN_POINT('',(-19.75,-48.,-24.));
#2924=CARTESIAN_POINT('',(-19.75,-48.,-22.));
#2925=CARTESIAN_POINT('',(-18.,-49.75,-24.));
#2926=CARTESIAN_POINT('Origin',(-18.,-48.,-24.));
#2927=CARTESIAN_POINT('',(-18.,-49.75,-22.));
#2928=CARTESIAN_POINT('Origin',(18.,-49.75,-22.));
#2929=CARTESIAN_POINT('',(18.,-49.75,-22.));
#2930=CARTESIAN_POINT('',(9.,-49.75,-22.));
#2931=CARTESIAN_POINT('',(18.,-49.75,-24.));
#2932=CARTESIAN_POINT('',(9.,-49.75,-24.));
#2933=CARTESIAN_POINT('',(18.,-49.75,-22.));
#2934=CARTESIAN_POINT('Origin',(18.,-48.,-22.));
#2935=CARTESIAN_POINT('',(19.75,-48.,-22.));
#2936=CARTESIAN_POINT('Origin',(18.,-48.,-22.));
#2937=CARTESIAN_POINT('',(19.75,-48.,-24.));
#2938=CARTESIAN_POINT('Origin',(18.,-48.,-24.));
#2939=CARTESIAN_POINT('',(19.75,-48.,-22.));
#2940=CARTESIAN_POINT('Origin',(19.75,48.,-22.));
#2941=CARTESIAN_POINT('',(19.75,48.,-22.));
#2942=CARTESIAN_POINT('',(19.75,24.,-22.));
#2943=CARTESIAN_POINT('',(19.75,48.,-24.));
#2944=CARTESIAN_POINT('',(19.75,24.,-24.));
#2945=CARTESIAN_POINT('',(19.75,48.,-22.));
#2946=CARTESIAN_POINT('Origin',(18.,48.,-22.));
#2947=CARTESIAN_POINT('',(18.,49.75,-22.));
#2948=CARTESIAN_POINT('Origin',(18.,48.,-22.));
#2949=CARTESIAN_POINT('',(18.,49.75,-24.));
#2950=CARTESIAN_POINT('Origin',(18.,48.,-24.));
#2951=CARTESIAN_POINT('',(18.,49.75,-22.));
#2952=CARTESIAN_POINT('Origin',(-18.,49.75,-22.));
#2953=CARTESIAN_POINT('',(-18.,49.75,-22.));
#2954=CARTESIAN_POINT('',(-8.99999999999999,49.75,-22.));
#2955=CARTESIAN_POINT('',(-18.,49.75,-24.));
#2956=CARTESIAN_POINT('',(-8.99999999999999,49.75,-24.));
#2957=CARTESIAN_POINT('',(-18.,49.75,-22.));
#2958=CARTESIAN_POINT('Origin',(-18.,48.,-22.));
#2959=CARTESIAN_POINT('',(-19.75,48.,-22.));
#2960=CARTESIAN_POINT('Origin',(-18.,48.,-22.));
#2961=CARTESIAN_POINT('',(-19.75,48.,-24.));
#2962=CARTESIAN_POINT('Origin',(-18.,48.,-24.));
#2963=CARTESIAN_POINT('',(-19.75,48.,-22.));
#2964=CARTESIAN_POINT('Origin',(-19.75,-48.,-22.));
#2965=CARTESIAN_POINT('',(-19.75,-24.,-22.));
#2966=CARTESIAN_POINT('',(-19.75,-24.,-24.));
#2967=CARTESIAN_POINT('Origin',(0.,4.44089209850063E-15,-24.));
#2968=CARTESIAN_POINT('Origin',(-20.,-48.,-20.));
#2969=CARTESIAN_POINT('',(-20.,-48.,-20.));
#2970=CARTESIAN_POINT('',(-20.,-48.,-20.));
#2971=CARTESIAN_POINT('',(-20.,-24.,-20.));
#2972=CARTESIAN_POINT('Origin',(-18.,-48.,-20.));
#2973=CARTESIAN_POINT('',(-18.,-50.,-20.));
#2974=CARTESIAN_POINT('',(-18.,-50.,-20.));
#2975=CARTESIAN_POINT('Origin',(-18.,-48.,-20.));
#2976=CARTESIAN_POINT('Origin',(18.,-50.,-20.));
#2977=CARTESIAN_POINT('',(18.,-50.,-20.));
#2978=CARTESIAN_POINT('',(18.,-50.,-20.));
#2979=CARTESIAN_POINT('',(9.,-50.,-20.));
#2980=CARTESIAN_POINT('Origin',(18.,-48.,-20.));
#2981=CARTESIAN_POINT('Origin',(18.,-48.,-20.));
#2982=CARTESIAN_POINT('Origin',(-22.,-48.,-20.));
#2983=CARTESIAN_POINT('',(-22.,48.,-22.));
#2984=CARTESIAN_POINT('',(-22.,48.,-20.));
#2985=CARTESIAN_POINT('',(-22.,-48.,-22.));
#2986=CARTESIAN_POINT('Origin',(18.,48.,-20.));
#2987=CARTESIAN_POINT('',(18.,52.,-22.));
#2988=CARTESIAN_POINT('Origin',(18.,48.,-22.));
#2989=CARTESIAN_POINT('',(18.,52.,-20.));
#2990=CARTESIAN_POINT('Origin',(-18.,52.,-20.));
#2991=CARTESIAN_POINT('',(-18.,52.,-22.));
#2992=CARTESIAN_POINT('',(-18.,52.,-22.));
#2993=CARTESIAN_POINT('',(-18.,52.,-20.));
#2994=CARTESIAN_POINT('Origin',(-18.,48.,-20.));
#2995=CARTESIAN_POINT('Origin',(-18.,48.,-22.));
#2996=CARTESIAN_POINT('Origin',(0.,8.88178419700125E-15,-20.));
#2997=CARTESIAN_POINT('Origin',(0.,8.88178419700125E-15,-22.));
#2998=UNCERTAINTY_MEASURE_WITH_UNIT(LENGTH_MEASURE(0.01),#3002,
'DISTANCE_ACCURACY_VALUE',
'Maximum model space distance between geometric entities at asserted c
onnectivities');
#2999=UNCERTAINTY_MEASURE_WITH_UNIT(LENGTH_MEASURE(0.01),#3002,
'DISTANCE_ACCURACY_VALUE',
'Maximum model space distance between geometric entities at asserted c
onnectivities');
#3000=(
GEOMETRIC_REPRESENTATION_CONTEXT(3)
GLOBAL_UNCERTAINTY_ASSIGNED_CONTEXT((#2998))
GLOBAL_UNIT_ASSIGNED_CONTEXT((#3002,#3004,#3005))
REPRESENTATION_CONTEXT('','3D')
);
#3001=(
GEOMETRIC_REPRESENTATION_CONTEXT(3)
GLOBAL_UNCERTAINTY_ASSIGNED_CONTEXT((#2999))
GLOBAL_UNIT_ASSIGNED_CONTEXT((#3002,#3004,#3005))
REPRESENTATION_CONTEXT('','3D')
);
#3002=(
LENGTH_UNIT()
NAMED_UNIT(*)
SI_UNIT(.MILLI.,.METRE.)
);
#3003=(
LENGTH_UNIT()
NAMED_UNIT(*)
SI_UNIT($,.METRE.)
);
#3004=(
NAMED_UNIT(*)
PLANE_ANGLE_UNIT()
SI_UNIT($,.RADIAN.)
);
#3005=(
NAMED_UNIT(*)
SI_UNIT($,.STERADIAN.)
SOLID_ANGLE_UNIT()
);
#3006=SHAPE_DEFINITION_REPRESENTATION(#3007,#3008);
#3007=PRODUCT_DEFINITION_SHAPE('',$,#3010);
#3008=SHAPE_REPRESENTATION('',(#1810),#3000);
#3009=PRODUCT_DEFINITION_CONTEXT('part definition',#3014,'design');
#3010=PRODUCT_DEFINITION('2026-08-21-11-37-45-078',
'lambda_meter_geh\X\E4use',#3011,#3009);
#3011=PRODUCT_DEFINITION_FORMATION('',$,#3016);
#3012=PRODUCT_RELATED_PRODUCT_CATEGORY('lambda_meter_geh\X\E4use',
'lambda_meter_geh\X\E4use',(#3016));
#3013=APPLICATION_PROTOCOL_DEFINITION('international standard',
'automotive_design',2009,#3014);
#3014=APPLICATION_CONTEXT(
'Core Data for Automotive Mechanical Design Process');
#3015=PRODUCT_CONTEXT('part definition',#3014,'mechanical');
#3016=PRODUCT('2026-08-21-11-37-45-078','lambda_meter_geh\X\E4use',$,(#3015));
#3017=PRESENTATION_STYLE_ASSIGNMENT((#3018));
#3018=SURFACE_STYLE_USAGE(.BOTH.,#3019);
#3019=SURFACE_SIDE_STYLE('',(#3020));
#3020=SURFACE_STYLE_FILL_AREA(#3021);
#3021=FILL_AREA_STYLE('Steel - Satin',(#3022));
#3022=FILL_AREA_STYLE_COLOUR('Steel - Satin',#3023);
#3023=COLOUR_RGB('Steel - Satin',0.627450980392157,0.627450980392157,0.627450980392157);
ENDSEC;
END-ISO-10303-21;
